Data;Produto;Categoria;Regiao;Metodo_Pagamento;Quantidade;Valor_Total
14/01/2025;Camiseta;Roupas;Sul;Boleto;15;387.41
15/02/2025;Acessorio;Roupas;Norte;Boleto;6;377.23
09/12/2024;Jaqueta;Roupas;Leste;Pix;16;453.6
24/12/2024;Camiseta;Acessorios;Oeste;Boleto;15;24.07
15/12/2024;Calca;Roupas;Leste;Boleto;11;124.01
05/01/2025;Jaqueta;Roupas;Leste;Cartao;2;417.05
13/12/2024;Calca;Acessorios;Norte;Boleto;2;341.88
13/01/2025;Acessorio;Roupas;Norte;Pix;12;449.31
09/02/2025;Calca;Roupas;Oeste;Boleto;16;47.45
10/02/2025;Jaqueta;Roupas;Sul;Cartao;19;306.54
16/02/2025;Acessorio;Acessorios;Oeste;Pix;2;293.14
14/02/2025;Jaqueta;Roupas;Leste;Boleto;17;37.12
05/01/2025;Calca;Roupas;Norte;Boleto;14;266.49
30/01/2025;Jaqueta;Acessorios;Leste;Boleto;16;312.57
19/02/2025;Acessorio;Acessorios;Norte;Pix;5;111.82
09/01/2025;Calca;Acessorios;Sul;Cartao;10;151.2
27/12/2024;Calca;Roupas;Leste;Pix;17;327.37
01/12/2024;Camiseta;Acessorios;Norte;Pix;13;244.78
03/01/2025;Camiseta;Acessorios;Oeste;Cartao;16;431.85
06/02/2025;Jaqueta;Acessorios;Oeste;Pix;9;184.34
26/02/2025;Camiseta;Roupas;Oeste;Pix;4;148.0
21/12/2024;Camiseta;Acessorios;Leste;Boleto;16;492.74
02/01/2025;Camiseta;Acessorios;Norte;Pix;11;457.35
07/12/2024;Camiseta;Acessorios;Norte;Boleto;7;33.92
03/02/2025;Acessorio;Acessorios;Norte;Pix;17;389.95
03/12/2024;Acessorio;Acessorios;Leste;Boleto;13;72.96
20/01/2025;Camiseta;Roupas;Norte;Boleto;4;33.19
17/02/2025;Jaqueta;Roupas;Sul;Boleto;14;151.37
23/01/2025;Acessorio;Acessorios;Leste;Cartao;10;149.29
18/02/2025;Camiseta;Acessorios;Sul;Pix;10;413.27
12/02/2025;Acessorio;Acessorios;Sul;Pix;10;361.12
28/01/2025;Calca;Roupas;Oeste;Pix;12;491.17
06/12/2024;Acessorio;Roupas;Leste;Cartao;2;361.53
29/12/2024;Acessorio;Roupas;Norte;Boleto;9;220.76
17/12/2024;Jaqueta;Roupas;Sul;Pix;5;355.49
29/01/2025;Acessorio;Acessorios;Leste;Cartao;8;499.74
22/12/2024;Jaqueta;Acessorios;Norte;Cartao;14;360.87
24/12/2024;Calca;Acessorios;Oeste;Pix;7;385.61
19/02/2025;Camiseta;Acessorios;Leste;Boleto;7;470.42
23/02/2025;Jaqueta;Roupas;Leste;Cartao;9;74.55
20/01/2025;Acessorio;Acessorios;Leste;Pix;3;358.3
19/01/2025;Acessorio;Roupas;Norte;Boleto;14;428.39
11/12/2024;Jaqueta;Roupas;Sul;Cartao;17;478.1
25/01/2025;Calca;Acessorios;Sul;Cartao;18;121.27
09/02/2025;Camiseta;Roupas;Leste;Pix;12;261.89
11/01/2025;Acessorio;Roupas;Leste;Pix;14;346.67
08/01/2025;Calca;Acessorios;Norte;Boleto;13;138.78
07/02/2025;Camiseta;Roupas;Oeste;Pix;14;308.23
17/01/2025;Camiseta;Roupas;Leste;Pix;9;143.64
26/01/2025;Acessorio;Acessorios;Leste;Boleto;19;180.06
21/12/2024;Jaqueta;Roupas;Oeste;Pix;2;231.93
20/02/2025;Acessorio;Roupas;Leste;Boleto;11;274.01
20/12/2024;Acessorio;Acessorios;Sul;Boleto;17;235.7
15/12/2024;Acessorio;Roupas;Leste;Boleto;2;256.73
07/02/2025;Calca;Acessorios;Sul;Pix;19;163.32
15/02/2025;Jaqueta;Roupas;Norte;Boleto;7;96.3
20/01/2025;Calca;Roupas;Norte;Pix;18;42.73
14/02/2025;Acessorio;Acessorios;Sul;Boleto;13;114.07
31/01/2025;Jaqueta;Acessorios;Sul;Pix;5;299.33
23/02/2025;Camiseta;Roupas;Oeste;Boleto;18;397.34
06/01/2025;Jaqueta;Acessorios;Sul;Cartao;16;101.24
06/12/2024;Acessorio;Roupas;Sul;Cartao;15;72.11
09/02/2025;Jaqueta;Acessorios;Leste;Cartao;8;379.66
26/12/2024;Camiseta;Roupas;Oeste;Boleto;15;166.48
08/12/2024;Camiseta;Roupas;Sul;Pix;1;476.72
11/02/2025;Jaqueta;Roupas;Sul;Boleto;17;362.87
04/12/2024;Camiseta;Roupas;Sul;Boleto;15;176.84
21/12/2024;Calca;Roupas;Leste;Boleto;14;158.98
31/12/2024;Jaqueta;Acessorios;Leste;Boleto;14;271.38
21/12/2024;Camiseta;Acessorios;Leste;Pix;10;57.99
25/12/2024;Camiseta;Roupas;Norte;Boleto;2;76.48
15/12/2024;Jaqueta;Roupas;Leste;Cartao;6;104.41
04/01/2025;Calca;Acessorios;Sul;Cartao;17;391.87
18/01/2025;Jaqueta;Acessorios;Leste;Cartao;5;266.65
12/01/2025;Camiseta;Acessorios;Leste;Boleto;5;25.07
10/01/2025;Jaqueta;Acessorios;Oeste;Pix;15;343.29
06/01/2025;Camiseta;Acessorios;Sul;Pix;15;223.37
26/01/2025;Acessorio;Roupas;Leste;Pix;11;265.21
11/01/2025;Jaqueta;Roupas;Norte;Boleto;5;122.78
16/01/2025;Jaqueta;Acessorios;Oeste;Pix;1;284.86
30/01/2025;Camiseta;Acessorios;Leste;Cartao;11;489.99
14/12/2024;Camiseta;Acessorios;Oeste;Pix;11;55.25
06/02/2025;Camiseta;Acessorios;Oeste;Boleto;6;156.28
22/01/2025;Camiseta;Acessorios;Norte;Boleto;8;136.64
22/02/2025;Jaqueta;Acessorios;Norte;Pix;2;139.3
03/01/2025;Camiseta;Acessorios;Norte;Boleto;15;201.78
14/02/2025;Jaqueta;Acessorios;Sul;Pix;9;412.69
24/12/2024;Calca;Acessorios;Oeste;Pix;15;458.17
20/12/2024;Jaqueta;Roupas;Leste;Cartao;8;117.06
07/02/2025;Camiseta;Acessorios;Norte;Boleto;16;280.62
30/12/2024;Camiseta;Acessorios;Norte;Cartao;14;325.71
26/02/2025;Calca;Roupas;Oeste;Boleto;15;270.48
07/12/2024;Jaqueta;Roupas;Oeste;Pix;13;228.36
05/01/2025;Calca;Roupas;Oeste;Boleto;9;112.15
07/01/2025;Jaqueta;Acessorios;Leste;Pix;1;254.35
18/02/2025;Camiseta;Acessorios;Sul;Boleto;6;212.58
21/01/2025;Jaqueta;Acessorios;Sul;Cartao;8;401.87
15/12/2024;Camiseta;Acessorios;Norte;Cartao;18;386.53
15/01/2025;Camiseta;Roupas;Sul;Pix;18;84.32
23/12/2024;Acessorio;Acessorios;Leste;Cartao;17;62.49
12/12/2024;Acessorio;Acessorios;Sul;Pix;16;455.91
13/01/2025;Jaqueta;Roupas;Leste;Pix;13;277.04
15/12/2024;Camiseta;Acessorios;Norte;Pix;4;431.74
18/01/2025;Calca;Acessorios;Oeste;Boleto;4;47.91
21/12/2024;Camiseta;Acessorios;Leste;Pix;14;272.73
15/12/2024;Calca;Acessorios;Oeste;Cartao;5;278.92
14/12/2024;Jaqueta;Roupas;Norte;Boleto;16;433.14
11/01/2025;Jaqueta;Roupas;Leste;Cartao;14;66.85
18/02/2025;Calca;Roupas;Leste;Pix;14;135.41
15/12/2024;Calca;Roupas;Sul;Pix;14;215.14
01/02/2025;Camiseta;Acessorios;Leste;Cartao;14;435.6
06/02/2025;Jaqueta;Acessorios;Norte;Boleto;19;470.66
27/12/2024;Camiseta;Acessorios;Oeste;Cartao;3;496.51
25/02/2025;Calca;Roupas;Leste;Pix;17;480.41
22/01/2025;Acessorio;Roupas;Norte;Boleto;14;22.85
21/01/2025;Acessorio;Roupas;Norte;Pix;10;42.9
01/02/2025;Acessorio;Acessorios;Leste;Pix;13;90.85
11/02/2025;Calca;Acessorios;Sul;Cartao;4;187.45
22/01/2025;Camiseta;Roupas;Leste;Pix;11;418.36
26/01/2025;Jaqueta;Roupas;Leste;Cartao;15;448.47
21/01/2025;Calca;Acessorios;Sul;Boleto;15;109.68
12/01/2025;Acessorio;Acessorios;Norte;Pix;2;317.44
07/12/2024;Camiseta;Acessorios;Leste;Pix;11;460.33
11/01/2025;Jaqueta;Roupas;Sul;Boleto;2;242.59
04/12/2024;Jaqueta;Roupas;Oeste;Cartao;5;69.7
07/02/2025;Calca;Roupas;Oeste;Pix;13;239.75
05/12/2024;Calca;Roupas;Sul;Boleto;1;200.38
13/02/2025;Jaqueta;Acessorios;Norte;Pix;7;297.28
18/02/2025;Jaqueta;Acessorios;Sul;Cartao;7;230.56
10/01/2025;Acessorio;Acessorios;Norte;Cartao;10;28.33
04/12/2024;Jaqueta;Roupas;Oeste;Cartao;6;497.12
02/12/2024;Calca;Acessorios;Leste;Cartao;12;280.9
05/02/2025;Camiseta;Acessorios;Sul;Boleto;13;247.34
21/12/2024;Acessorio;Acessorios;Oeste;Pix;11;478.22
08/02/2025;Acessorio;Acessorios;Leste;Boleto;18;94.81
12/01/2025;Jaqueta;Acessorios;Oeste;Cartao;2;110.83
20/02/2025;Camiseta;Roupas;Sul;Cartao;16;407.85
07/02/2025;Acessorio;Acessorios;Sul;Cartao;2;145.2
09/12/2024;Calca;Acessorios;Leste;Cartao;19;403.63
22/02/2025;Jaqueta;Roupas;Sul;Pix;6;150.34
28/12/2024;Calca;Roupas;Oeste;Cartao;1;35.93
26/12/2024;Jaqueta;Acessorios;Leste;Pix;11;268.17
20/02/2025;Acessorio;Acessorios;Leste;Cartao;18;114.41
21/02/2025;Jaqueta;Acessorios;Oeste;Pix;10;383.77
03/12/2024;Camiseta;Acessorios;Norte;Pix;18;327.78
11/02/2025;Calca;Roupas;Leste;Cartao;1;463.33
18/01/2025;Camiseta;Acessorios;Norte;Boleto;19;395.83
17/12/2024;Calca;Roupas;Oeste;Boleto;16;106.77
01/02/2025;Calca;Acessorios;Oeste;Boleto;7;404.08
24/01/2025;Jaqueta;Acessorios;Leste;Boleto;15;328.03
23/12/2024;Acessorio;Acessorios;Sul;Boleto;1;341.1
03/01/2025;Acessorio;Roupas;Leste;Cartao;9;419.49
07/02/2025;Camiseta;Acessorios;Sul;Cartao;2;295.44
15/12/2024;Jaqueta;Acessorios;Norte;Cartao;17;243.68
16/01/2025;Acessorio;Roupas;Sul;Cartao;10;325.59
03/12/2024;Calca;Acessorios;Leste;Cartao;6;163.02
21/02/2025;Calca;Roupas;Sul;Cartao;5;107.65
28/12/2024;Jaqueta;Acessorios;Oeste;Pix;8;315.96
03/12/2024;Camiseta;Roupas;Norte;Pix;8;132.25
04/12/2024;Jaqueta;Roupas;Oeste;Cartao;5;58.36
26/02/2025;Camiseta;Roupas;Oeste;Cartao;12;20.27
31/12/2024;Jaqueta;Acessorios;Oeste;Pix;7;311.99
14/01/2025;Calca;Roupas;Oeste;Pix;13;193.83
28/01/2025;Jaqueta;Roupas;Sul;Cartao;13;381.11
14/01/2025;Acessorio;Acessorios;Oeste;Pix;17;200.08
13/02/2025;Acessorio;Roupas;Sul;Boleto;4;253.28
06/01/2025;Jaqueta;Acessorios;Oeste;Boleto;18;215.4
03/02/2025;Camiseta;Acessorios;Leste;Boleto;10;332.28
09/12/2024;Camiseta;Roupas;Oeste;Pix;3;190.95
17/12/2024;Calca;Roupas;Leste;Cartao;12;482.61
03/02/2025;Calca;Acessorios;Sul;Cartao;1;469.35
03/12/2024;Camiseta;Roupas;Norte;Cartao;11;427.05
26/12/2024;Jaqueta;Roupas;Sul;Pix;18;461.74
22/01/2025;Calca;Roupas;Norte;Pix;13;235.59
31/12/2024;Camiseta;Roupas;Norte;Boleto;17;277.49
26/12/2024;Camiseta;Acessorios;Oeste;Pix;8;376.2
23/12/2024;Jaqueta;Acessorios;Norte;Boleto;19;354.15
30/12/2024;Acessorio;Roupas;Sul;Boleto;17;447.53
10/12/2024;Camiseta;Acessorios;Oeste;Cartao;2;363.84
10/02/2025;Calca;Roupas;Norte;Pix;3;498.98
27/02/2025;Jaqueta;Roupas;Sul;Cartao;3;187.28
02/02/2025;Jaqueta;Roupas;Norte;Cartao;6;419.84
22/12/2024;Jaqueta;Roupas;Norte;Pix;10;354.86
15/12/2024;Acessorio;Acessorios;Oeste;Pix;18;351.87
25/01/2025;Acessorio;Roupas;Oeste;Boleto;18;176.4
12/02/2025;Calca;Acessorios;Sul;Boleto;14;397.09
20/12/2024;Calca;Roupas;Oeste;Boleto;16;452.18
16/01/2025;Jaqueta;Acessorios;Oeste;Boleto;7;124.9
25/02/2025;Calca;Acessorios;Leste;Cartao;1;320.24
22/01/2025;Camiseta;Acessorios;Leste;Cartao;17;208.22
22/01/2025;Acessorio;Acessorios;Sul;Pix;5;494.98
01/12/2024;Jaqueta;Roupas;Oeste;Boleto;1;249.84
02/12/2024;Jaqueta;Acessorios;Sul;Boleto;17;129.59
27/01/2025;Camiseta;Roupas;Leste;Boleto;10;203.29
19/12/2024;Camiseta;Acessorios;Leste;Cartao;12;333.84
31/01/2025;Camiseta;Acessorios;Leste;Pix;2;56.52
16/02/2025;Camiseta;Acessorios;Sul;Cartao;16;309.73
10/02/2025;Jaqueta;Roupas;Oeste;Pix;15;466.99
12/12/2024;Acessorio;Acessorios;Norte;Pix;13;428.17
26/12/2024;Acessorio;Roupas;Oeste;Cartao;18;52.48
27/12/2024;Camiseta;Roupas;Sul;Cartao;14;496.83
29/12/2024;Calca;Roupas;Leste;Pix;18;355.39
15/12/2024;Jaqueta;Acessorios;Norte;Cartao;2;97.89
15/01/2025;Acessorio;Acessorios;Sul;Cartao;2;25.96
01/12/2024;Camiseta;Acessorios;Leste;Pix;3;102.22
29/01/2025;Calca;Acessorios;Sul;Pix;5;422.32
26/01/2025;Calca;Acessorios;Norte;Boleto;16;30.39
03/12/2024;Camiseta;Acessorios;Leste;Cartao;15;131.91
18/12/2024;Jaqueta;Acessorios;Oeste;Pix;12;383.51
21/01/2025;Acessorio;Roupas;Sul;Cartao;9;301.33
29/01/2025;Calca;Acessorios;Norte;Cartao;14;395.71
03/01/2025;Acessorio;Roupas;Oeste;Pix;16;378.15
27/02/2025;Acessorio;Roupas;Norte;Boleto;11;44.29
29/01/2025;Calca;Acessorios;Sul;Pix;6;448.41
26/12/2024;Camiseta;Acessorios;Norte;Pix;10;128.98
10/02/2025;Calca;Roupas;Leste;Cartao;8;285.63
19/12/2024;Calca;Roupas;Norte;Boleto;16;329.26
22/12/2024;Jaqueta;Acessorios;Sul;Pix;3;100.94
02/01/2025;Acessorio;Roupas;Leste;Cartao;2;488.59
07/01/2025;Camiseta;Roupas;Norte;Pix;16;254.31
04/01/2025;Acessorio;Roupas;Norte;Cartao;19;47.67
05/02/2025;Calca;Roupas;Leste;Pix;9;469.89
21/02/2025;Camiseta;Acessorios;Oeste;Boleto;16;301.41
10/12/2024;Camiseta;Acessorios;Oeste;Pix;4;355.61
15/12/2024;Camiseta;Roupas;Leste;Cartao;10;272.08
11/12/2024;Camiseta;Roupas;Norte;Pix;19;420.67
28/02/2025;Jaqueta;Roupas;Oeste;Boleto;13;35.9
24/12/2024;Camiseta;Acessorios;Leste;Boleto;18;148.82
15/02/2025;Calca;Acessorios;Sul;Boleto;15;245.43
04/12/2024;Jaqueta;Roupas;Norte;Boleto;4;56.77
13/12/2024;Calca;Roupas;Sul;Cartao;9;358.84
11/02/2025;Calca;Roupas;Norte;Pix;4;208.96
26/01/2025;Acessorio;Acessorios;Oeste;Boleto;16;150.88
06/01/2025;Camiseta;Roupas;Sul;Pix;15;21.62
17/01/2025;Camiseta;Roupas;Sul;Cartao;2;365.52
09/02/2025;Calca;Roupas;Leste;Pix;14;420.23
01/12/2024;Camiseta;Roupas;Oeste;Pix;3;209.62
29/01/2025;Jaqueta;Roupas;Oeste;Boleto;4;290.82
12/12/2024;Acessorio;Acessorios;Norte;Boleto;1;129.29
21/12/2024;Camiseta;Acessorios;Leste;Cartao;9;318.65
11/12/2024;Camiseta;Acessorios;Leste;Pix;17;25.83
13/01/2025;Jaqueta;Roupas;Norte;Cartao;14;254.55
27/01/2025;Acessorio;Acessorios;Sul;Cartao;17;329.22
13/01/2025;Jaqueta;Roupas;Norte;Cartao;1;460.73
16/02/2025;Calca;Acessorios;Norte;Boleto;10;203.04
03/01/2025;Calca;Acessorios;Norte;Boleto;16;387.29
25/12/2024;Camiseta;Roupas;Leste;Pix;19;306.89
04/12/2024;Acessorio;Roupas;Norte;Pix;3;464.97
02/02/2025;Calca;Roupas;Norte;Pix;12;211.22
28/02/2025;Jaqueta;Acessorios;Norte;Boleto;3;173.17
16/12/2024;Calca;Roupas;Oeste;Boleto;15;445.83
10/12/2024;Calca;Acessorios;Sul;Cartao;17;43.64
04/02/2025;Jaqueta;Acessorios;Sul;Boleto;18;85.46
04/01/2025;Camiseta;Acessorios;Sul;Cartao;7;59.55
21/02/2025;Acessorio;Roupas;Sul;Cartao;19;424.69
06/12/2024;Camiseta;Roupas;Leste;Boleto;7;25.09
19/12/2024;Jaqueta;Roupas;Leste;Cartao;5;433.6
28/01/2025;Calca;Acessorios;Norte;Cartao;8;236.61
22/01/2025;Acessorio;Acessorios;Leste;Pix;16;21.93
08/12/2024;Camiseta;Roupas;Sul;Cartao;16;212.79
16/02/2025;Jaqueta;Acessorios;Oeste;Boleto;19;109.66
10/12/2024;Calca;Acessorios;Norte;Boleto;15;319.71
05/02/2025;Calca;Acessorios;Norte;Cartao;7;346.09
07/01/2025;Camiseta;Roupas;Sul;Pix;5;254.01
29/12/2024;Jaqueta;Acessorios;Sul;Boleto;11;39.45
15/12/2024;Calca;Acessorios;Sul;Boleto;10;334.94
25/02/2025;Calca;Roupas;Leste;Pix;9;424.18
23/12/2024;Acessorio;Roupas;Norte;Cartao;1;365.76
20/02/2025;Calca;Roupas;Sul;Boleto;1;418.38
15/01/2025;Camiseta;Roupas;Oeste;Cartao;8;116.24
21/02/2025;Jaqueta;Roupas;Norte;Cartao;3;446.67
28/12/2024;Jaqueta;Roupas;Norte;Cartao;2;174.65
26/12/2024;Acessorio;Acessorios;Leste;Cartao;4;26.43
10/12/2024;Jaqueta;Acessorios;Norte;Boleto;19;424.83
16/01/2025;Camiseta;Acessorios;Sul;Pix;11;472.07
04/12/2024;Calca;Acessorios;Sul;Boleto;5;334.67
24/01/2025;Acessorio;Roupas;Oeste;Pix;10;131.09
04/02/2025;Jaqueta;Acessorios;Norte;Cartao;8;140.84
05/02/2025;Acessorio;Roupas;Norte;Pix;13;243.96
07/12/2024;Acessorio;Roupas;Leste;Cartao;5;450.96
24/01/2025;Jaqueta;Acessorios;Sul;Boleto;12;91.81
18/02/2025;Acessorio;Acessorios;Oeste;Boleto;13;416.47
31/12/2024;Jaqueta;Roupas;Sul;Pix;8;159.83
12/02/2025;Camiseta;Roupas;Norte;Cartao;15;408.12
19/12/2024;Jaqueta;Roupas;Norte;Cartao;13;461.73
28/12/2024;Calca;Roupas;Oeste;Pix;1;225.2
19/02/2025;Jaqueta;Acessorios;Norte;Cartao;6;195.22
28/12/2024;Calca;Roupas;Oeste;Cartao;11;405.07
19/12/2024;Acessorio;Acessorios;Oeste;Cartao;13;274.15
25/02/2025;Jaqueta;Roupas;Sul;Boleto;1;348.54
20/12/2024;Calca;Roupas;Oeste;Boleto;11;318.96
13/12/2024;Jaqueta;Roupas;Norte;Boleto;11;93.39
15/02/2025;Jaqueta;Acessorios;Leste;Cartao;8;425.5
12/01/2025;Jaqueta;Roupas;Leste;Boleto;3;113.97
11/12/2024;Camiseta;Acessorios;Norte;Cartao;19;467.5
17/01/2025;Calca;Acessorios;Leste;Cartao;12;140.27
15/12/2024;Camiseta;Acessorios;Leste;Pix;6;372.26
17/12/2024;Camiseta;Roupas;Oeste;Cartao;8;156.63
23/01/2025;Calca;Acessorios;Leste;Boleto;5;172.54
19/01/2025;Jaqueta;Acessorios;Leste;Boleto;10;168.8
28/12/2024;Camiseta;Roupas;Leste;Cartao;16;378.99
21/02/2025;Camiseta;Roupas;Sul;Boleto;12;287.27
04/12/2024;Camiseta;Acessorios;Norte;Cartao;17;443.82
22/12/2024;Jaqueta;Acessorios;Oeste;Pix;6;167.54
24/02/2025;Camiseta;Roupas;Leste;Cartao;9;352.16
08/01/2025;Acessorio;Acessorios;Norte;Cartao;10;381.42
03/01/2025;Calca;Acessorios;Leste;Pix;14;92.71
13/01/2025;Acessorio;Acessorios;Sul;Boleto;14;212.28
11/01/2025;Jaqueta;Roupas;Sul;Pix;17;251.75
09/01/2025;Camiseta;Acessorios;Leste;Pix;16;190.73
12/12/2024;Calca;Roupas;Leste;Cartao;4;174.61
02/12/2024;Camiseta;Roupas;Leste;Cartao;2;349.48
28/12/2024;Jaqueta;Roupas;Sul;Pix;16;123.62
12/02/2025;Calca;Acessorios;Sul;Boleto;1;360.51
24/02/2025;Acessorio;Roupas;Norte;Pix;3;468.82
19/02/2025;Calca;Acessorios;Oeste;Boleto;11;291.29
28/02/2025;Camiseta;Roupas;Oeste;Pix;16;313.49
05/02/2025;Calca;Acessorios;Sul;Pix;18;53.09
09/02/2025;Jaqueta;Acessorios;Oeste;Boleto;15;434.95
10/02/2025;Jaqueta;Acessorios;Leste;Pix;9;157.01
22/02/2025;Calca;Roupas;Norte;Cartao;12;315.22
14/02/2025;Jaqueta;Acessorios;Sul;Pix;18;489.97
19/02/2025;Jaqueta;Acessorios;Sul;Cartao;5;305.84
10/12/2024;Jaqueta;Roupas;Oeste;Boleto;8;367.86
24/02/2025;Acessorio;Roupas;Leste;Boleto;3;233.75
26/01/2025;Camiseta;Acessorios;Norte;Cartao;2;48.98
24/02/2025;Jaqueta;Roupas;Oeste;Pix;19;402.85
06/01/2025;Calca;Roupas;Sul;Cartao;8;36.8
15/02/2025;Jaqueta;Roupas;Sul;Cartao;2;356.32
02/02/2025;Acessorio;Acessorios;Oeste;Boleto;19;31.0
17/02/2025;Calca;Roupas;Leste;Cartao;1;433.91
24/02/2025;Camiseta;Acessorios;Norte;Pix;13;95.67
09/01/2025;Calca;Roupas;Norte;Cartao;17;266.85
29/01/2025;Calca;Roupas;Norte;Boleto;3;306.63
17/01/2025;Calca;Acessorios;Norte;Pix;9;239.62
19/12/2024;Calca;Roupas;Leste;Boleto;5;183.57
10/02/2025;Jaqueta;Roupas;Sul;Cartao;6;244.55
02/01/2025;Camiseta;Roupas;Sul;Cartao;4;169.48
13/01/2025;Jaqueta;Roupas;Norte;Boleto;17;230.3
06/01/2025;Acessorio;Acessorios;Norte;Boleto;16;192.28
27/02/2025;Acessorio;Acessorios;Norte;Pix;16;291.78
05/01/2025;Calca;Acessorios;Oeste;Boleto;11;134.2
19/02/2025;Jaqueta;Acessorios;Oeste;Boleto;2;494.56
26/02/2025;Jaqueta;Acessorios;Sul;Cartao;17;260.42
21/12/2024;Camiseta;Acessorios;Sul;Cartao;15;113.2
02/12/2024;Camiseta;Acessorios;Norte;Boleto;18;248.99
31/12/2024;Camiseta;Roupas;Oeste;Boleto;10;435.88
30/12/2024;Jaqueta;Acessorios;Leste;Cartao;6;30.47
14/02/2025;Camiseta;Acessorios;Oeste;Pix;16;346.19
13/01/2025;Camiseta;Acessorios;Sul;Pix;5;283.02
12/12/2024;Camiseta;Roupas;Oeste;Pix;12;101.39
20/01/2025;Calca;Acessorios;Sul;Pix;6;412.39
18/01/2025;Acessorio;Acessorios;Norte;Cartao;14;197.06
24/12/2024;Acessorio;Acessorios;Leste;Boleto;16;161.02
24/12/2024;Jaqueta;Roupas;Norte;Pix;7;417.5
29/01/2025;Jaqueta;Acessorios;Norte;Cartao;2;326.49
11/12/2024;Calca;Roupas;Leste;Boleto;6;451.16
13/12/2024;Acessorio;Roupas;Leste;Pix;9;322.34
10/02/2025;Camiseta;Roupas;Leste;Boleto;7;375.59
12/02/2025;Camiseta;Roupas;Sul;Pix;2;421.49
10/02/2025;Jaqueta;Acessorios;Norte;Boleto;19;46.28
02/02/2025;Acessorio;Roupas;Sul;Pix;8;392.5
20/12/2024;Jaqueta;Roupas;Leste;Pix;11;314.58
10/02/2025;Jaqueta;Acessorios;Sul;Boleto;4;53.36
11/02/2025;Camiseta;Roupas;Leste;Boleto;16;264.12
09/02/2025;Camiseta;Roupas;Oeste;Boleto;18;59.58
16/02/2025;Acessorio;Roupas;Leste;Cartao;13;373.25
28/12/2024;Jaqueta;Roupas;Norte;Cartao;5;282.32
02/12/2024;Calca;Roupas;Norte;Boleto;2;477.72
12/01/2025;Acessorio;Roupas;Norte;Cartao;11;107.9
08/12/2024;Jaqueta;Acessorios;Sul;Pix;1;310.9
13/12/2024;Acessorio;Acessorios;Norte;Boleto;13;121.56
23/02/2025;Acessorio;Acessorios;Leste;Cartao;5;314.75
04/01/2025;Acessorio;Acessorios;Oeste;Boleto;18;366.87
23/12/2024;Calca;Roupas;Norte;Pix;14;366.71
15/01/2025;Calca;Roupas;Sul;Pix;13;411.24
15/12/2024;Camiseta;Roupas;Oeste;Cartao;7;429.7
02/12/2024;Camiseta;Acessorios;Norte;Pix;8;57.09
30/01/2025;Jaqueta;Acessorios;Norte;Boleto;18;184.77
14/02/2025;Acessorio;Roupas;Oeste;Cartao;7;349.82
02/02/2025;Jaqueta;Roupas;Norte;Boleto;17;259.32
21/01/2025;Camiseta;Acessorios;Sul;Boleto;16;111.52
05/01/2025;Calca;Acessorios;Leste;Boleto;11;285.3
05/02/2025;Camiseta;Acessorios;Leste;Pix;19;215.57
07/02/2025;Jaqueta;Acessorios;Oeste;Boleto;1;207.22
05/02/2025;Camiseta;Roupas;Leste;Pix;8;408.68
16/01/2025;Jaqueta;Acessorios;Norte;Boleto;1;215.65
21/02/2025;Jaqueta;Acessorios;Norte;Pix;9;32.7
02/12/2024;Jaqueta;Roupas;Sul;Pix;19;47.87
13/01/2025;Jaqueta;Roupas;Leste;Pix;9;431.0
02/02/2025;Camiseta;Roupas;Oeste;Boleto;10;481.09
19/02/2025;Jaqueta;Acessorios;Norte;Boleto;11;350.44
16/02/2025;Jaqueta;Acessorios;Oeste;Pix;1;194.9
28/12/2024;Acessorio;Acessorios;Norte;Boleto;8;470.53
23/01/2025;Jaqueta;Acessorios;Norte;Pix;12;338.15
12/02/2025;Camiseta;Roupas;Sul;Boleto;1;425.28
05/02/2025;Jaqueta;Roupas;Leste;Pix;10;387.61
05/01/2025;Calca;Acessorios;Sul;Pix;4;201.99
01/02/2025;Calca;Acessorios;Leste;Cartao;15;249.78
25/12/2024;Jaqueta;Acessorios;Oeste;Boleto;19;109.34
24/02/2025;Calca;Roupas;Leste;Boleto;6;160.17
17/01/2025;Calca;Acessorios;Oeste;Cartao;5;393.5
08/01/2025;Camiseta;Roupas;Norte;Pix;5;449.11
16/01/2025;Acessorio;Acessorios;Oeste;Pix;18;367.74
21/12/2024;Calca;Roupas;Oeste;Cartao;3;243.28
30/12/2024;Calca;Roupas;Norte;Cartao;2;61.52
31/12/2024;Acessorio;Acessorios;Oeste;Pix;4;47.34
26/12/2024;Acessorio;Roupas;Oeste;Boleto;18;199.68
22/12/2024;Calca;Roupas;Norte;Cartao;9;242.63
21/12/2024;Jaqueta;Acessorios;Norte;Cartao;19;312.38
01/12/2024;Calca;Roupas;Norte;Cartao;10;23.11
06/01/2025;Jaqueta;Acessorios;Leste;Cartao;15;495.07
15/02/2025;Jaqueta;Roupas;Norte;Cartao;1;194.69
23/02/2025;Jaqueta;Roupas;Norte;Cartao;11;427.09
15/01/2025;Acessorio;Roupas;Oeste;Pix;14;276.78
09/12/2024;Calca;Roupas;Sul;Pix;10;82.61
17/12/2024;Calca;Acessorios;Sul;Cartao;19;402.83
16/01/2025;Camiseta;Acessorios;Leste;Pix;16;360.72
23/02/2025;Acessorio;Acessorios;Leste;Boleto;8;273.17
28/01/2025;Camiseta;Roupas;Sul;Boleto;2;266.99
23/01/2025;Camiseta;Roupas;Sul;Cartao;7;61.99
24/02/2025;Jaqueta;Acessorios;Norte;Boleto;19;334.81
12/12/2024;Acessorio;Acessorios;Oeste;Boleto;7;457.4
02/02/2025;Camiseta;Acessorios;Norte;Pix;15;64.76
06/12/2024;Calca;Acessorios;Leste;Pix;8;146.49
22/01/2025;Camiseta;Roupas;Sul;Pix;14;453.11
16/12/2024;Acessorio;Acessorios;Leste;Pix;1;156.49
28/02/2025;Calca;Roupas;Norte;Boleto;13;333.89
05/12/2024;Calca;Acessorios;Leste;Cartao;3;276.71
11/02/2025;Calca;Roupas;Leste;Pix;6;306.24
15/01/2025;Jaqueta;Acessorios;Oeste;Boleto;19;219.58
14/12/2024;Calca;Acessorios;Leste;Pix;15;164.0
13/01/2025;Jaqueta;Roupas;Norte;Boleto;4;43.3
01/02/2025;Jaqueta;Roupas;Oeste;Pix;3;377.25
21/01/2025;Camiseta;Acessorios;Leste;Cartao;4;378.12
26/12/2024;Camiseta;Roupas;Norte;Pix;5;341.95
22/01/2025;Calca;Acessorios;Sul;Cartao;18;328.94
29/12/2024;Acessorio;Roupas;Oeste;Pix;10;136.98
19/12/2024;Calca;Acessorios;Leste;Pix;8;30.73
16/01/2025;Camiseta;Acessorios;Leste;Pix;12;408.18
08/12/2024;Calca;Acessorios;Oeste;Boleto;3;255.75
23/12/2024;Camiseta;Acessorios;Norte;Boleto;18;167.28
04/01/2025;Calca;Acessorios;Leste;Cartao;8;68.93
22/01/2025;Acessorio;Acessorios;Norte;Cartao;1;50.11
27/01/2025;Calca;Acessorios;Oeste;Boleto;14;187.46
05/12/2024;Acessorio;Acessorios;Leste;Cartao;13;406.27
16/12/2024;Acessorio;Roupas;Sul;Cartao;12;460.99
17/12/2024;Calca;Roupas;Sul;Boleto;3;450.44
01/01/2025;Acessorio;Roupas;Sul;Boleto;18;461.6
21/01/2025;Acessorio;Acessorios;Oeste;Boleto;13;455.71
20/12/2024;Camiseta;Acessorios;Leste;Boleto;15;273.07
04/02/2025;Camiseta;Acessorios;Oeste;Pix;10;125.32
22/02/2025;Acessorio;Roupas;Leste;Boleto;1;403.06
20/02/2025;Jaqueta;Roupas;Sul;Cartao;6;122.58
01/12/2024;Calca;Roupas;Sul;Pix;9;148.26
27/01/2025;Acessorio;Roupas;Norte;Pix;10;131.96
21/02/2025;Calca;Roupas;Oeste;Cartao;15;267.19
13/01/2025;Camiseta;Acessorios;Oeste;Pix;9;174.48
06/12/2024;Calca;Roupas;Norte;Cartao;14;93.99
19/01/2025;Acessorio;Acessorios;Sul;Pix;11;237.52
10/02/2025;Acessorio;Acessorios;Sul;Pix;7;439.48
26/02/2025;Acessorio;Acessorios;Oeste;Cartao;2;293.87
20/12/2024;Acessorio;Roupas;Leste;Cartao;14;441.6
14/12/2024;Jaqueta;Roupas;Sul;Cartao;6;114.02
05/12/2024;Jaqueta;Acessorios;Norte;Cartao;5;100.15
10/01/2025;Jaqueta;Roupas;Norte;Boleto;5;296.28
09/01/2025;Acessorio;Roupas;Norte;Boleto;19;242.4
03/01/2025;Jaqueta;Acessorios;Oeste;Cartao;19;336.88
18/02/2025;Calca;Acessorios;Oeste;Boleto;6;401.42
14/01/2025;Acessorio;Acessorios;Oeste;Cartao;10;380.63
09/02/2025;Camiseta;Acessorios;Oeste;Cartao;14;472.29
18/02/2025;Acessorio;Acessorios;Norte;Pix;17;211.16
09/02/2025;Calca;Roupas;Norte;Cartao;3;119.07
27/12/2024;Jaqueta;Acessorios;Oeste;Cartao;1;284.44
16/02/2025;Acessorio;Roupas;Oeste;Cartao;10;73.16
16/02/2025;Jaqueta;Roupas;Norte;Cartao;3;158.65
13/01/2025;Acessorio;Acessorios;Oeste;Pix;5;119.79
02/01/2025;Calca;Acessorios;Oeste;Cartao;19;210.35
02/01/2025;Acessorio;Roupas;Oeste;Pix;10;73.38
13/01/2025;Jaqueta;Acessorios;Oeste;Cartao;16;35.28
20/12/2024;Jaqueta;Roupas;Sul;Pix;1;335.26
05/01/2025;Calca;Acessorios;Oeste;Boleto;6;312.92
07/12/2024;Acessorio;Acessorios;Norte;Pix;9;360.01
01/01/2025;Camiseta;Roupas;Norte;Pix;5;336.99
05/02/2025;Acessorio;Roupas;Norte;Cartao;14;74.86
08/01/2025;Calca;Acessorios;Norte;Pix;10;159.72
24/12/2024;Camiseta;Acessorios;Oeste;Pix;2;82.17
24/02/2025;Calca;Acessorios;Sul;Cartao;5;424.63
08/02/2025;Acessorio;Roupas;Leste;Boleto;1;378.51
26/02/2025;Camiseta;Acessorios;Leste;Boleto;10;116.73
25/02/2025;Calca;Acessorios;Leste;Boleto;9;183.83
23/01/2025;Jaqueta;Acessorios;Leste;Pix;3;483.98
07/01/2025;Camiseta;Acessorios;Norte;Cartao;15;305.2
12/02/2025;Camiseta;Roupas;Oeste;Boleto;4;404.55
18/02/2025;Calca;Roupas;Oeste;Boleto;13;147.0
13/02/2025;Jaqueta;Roupas;Leste;Boleto;6;120.83
01/01/2025;Camiseta;Acessorios;Leste;Boleto;17;396.28
14/01/2025;Calca;Acessorios;Sul;Cartao;5;349.22
30/01/2025;Camiseta;Acessorios;Sul;Boleto;15;346.87
08/02/2025;Camiseta;Roupas;Sul;Pix;8;285.26
26/02/2025;Camiseta;Roupas;Norte;Pix;5;290.52
22/01/2025;Jaqueta;Roupas;Oeste;Cartao;13;373.13
20/01/2025;Acessorio;Roupas;Norte;Boleto;1;149.6
14/02/2025;Acessorio;Acessorios;Norte;Boleto;1;189.33
25/01/2025;Jaqueta;Roupas;Oeste;Pix;7;438.39
27/12/2024;Jaqueta;Roupas;Sul;Cartao;5;168.26
07/01/2025;Calca;Acessorios;Oeste;Pix;14;282.23
31/01/2025;Camiseta;Roupas;Leste;Cartao;15;357.27
18/12/2024;Jaqueta;Acessorios;Sul;Cartao;17;499.96
02/02/2025;Calca;Acessorios;Oeste;Cartao;18;228.94
15/02/2025;Acessorio;Acessorios;Norte;Pix;7;225.48
30/12/2024;Acessorio;Acessorios;Oeste;Cartao;18;424.44
18/01/2025;Acessorio;Acessorios;Sul;Pix;19;406.64
10/01/2025;Acessorio;Roupas;Leste;Pix;7;370.92
13/12/2024;Calca;Roupas;Norte;Boleto;8;242.35
03/01/2025;Camiseta;Acessorios;Leste;Pix;13;175.49
25/12/2024;Calca;Roupas;Leste;Pix;18;312.19
04/02/2025;Camiseta;Acessorios;Norte;Boleto;11;440.59
18/12/2024;Acessorio;Roupas;Oeste;Boleto;9;444.21
05/12/2024;Jaqueta;Roupas;Oeste;Boleto;1;72.08
19/12/2024;Jaqueta;Roupas;Leste;Cartao;8;225.61
11/01/2025;Jaqueta;Roupas;Oeste;Cartao;12;243.07
18/12/2024;Camiseta;Roupas;Sul;Boleto;2;489.26
01/01/2025;Acessorio;Roupas;Leste;Cartao;15;345.44
21/12/2024;Calca;Roupas;Leste;Boleto;18;215.48
10/12/2024;Jaqueta;Acessorios;Leste;Cartao;17;32.51
06/01/2025;Camiseta;Acessorios;Sul;Pix;15;291.38
18/01/2025;Jaqueta;Acessorios;Leste;Cartao;9;66.12
24/02/2025;Calca;Roupas;Oeste;Cartao;3;420.54
13/12/2024;Acessorio;Roupas;Oeste;Pix;19;381.21
24/01/2025;Calca;Acessorios;Oeste;Boleto;18;241.04
17/12/2024;Acessorio;Acessorios;Oeste;Cartao;8;226.02
09/12/2024;Acessorio;Roupas;Leste;Cartao;1;450.72
26/02/2025;Acessorio;Acessorios;Sul;Pix;15;158.46
13/01/2025;Jaqueta;Acessorios;Norte;Pix;19;139.53
16/02/2025;Calca;Acessorios;Oeste;Pix;10;470.81
15/01/2025;Jaqueta;Acessorios;Norte;Pix;12;408.44
08/12/2024;Calca;Roupas;Norte;Boleto;6;413.9
06/01/2025;Camiseta;Acessorios;Leste;Cartao;13;113.69
19/12/2024;Camiseta;Acessorios;Oeste;Cartao;4;88.78
01/02/2025;Calca;Acessorios;Oeste;Cartao;13;32.49
15/01/2025;Calca;Acessorios;Oeste;Cartao;17;133.78
09/02/2025;Calca;Roupas;Norte;Boleto;1;391.61
26/12/2024;Calca;Acessorios;Oeste;Cartao;5;135.22
15/01/2025;Acessorio;Acessorios;Oeste;Boleto;17;369.97
15/01/2025;Jaqueta;Acessorios;Sul;Boleto;18;140.92
13/02/2025;Acessorio;Acessorios;Leste;Pix;7;209.74
14/12/2024;Jaqueta;Acessorios;Oeste;Pix;16;491.92
23/02/2025;Jaqueta;Roupas;Oeste;Cartao;8;137.51
01/02/2025;Jaqueta;Acessorios;Leste;Boleto;12;200.66
10/02/2025;Acessorio;Acessorios;Leste;Pix;14;164.52
03/12/2024;Calca;Roupas;Norte;Boleto;19;72.62
28/12/2024;Acessorio;Acessorios;Norte;Pix;11;255.15
29/12/2024;Acessorio;Roupas;Norte;Boleto;12;201.77
25/02/2025;Jaqueta;Acessorios;Leste;Cartao;13;353.55
18/12/2024;Camiseta;Roupas;Sul;Cartao;8;412.45
04/01/2025;Camiseta;Roupas;Oeste;Boleto;1;281.24
15/02/2025;Acessorio;Acessorios;Leste;Pix;9;35.45
14/02/2025;Jaqueta;Roupas;Sul;Pix;2;317.08
16/01/2025;Acessorio;Acessorios;Leste;Cartao;14;46.59
05/12/2024;Acessorio;Roupas;Sul;Cartao;13;315.85
13/02/2025;Calca;Roupas;Leste;Cartao;16;348.81
28/01/2025;Jaqueta;Acessorios;Leste;Pix;2;114.93
13/02/2025;Camiseta;Roupas;Sul;Pix;4;413.29
28/01/2025;Camiseta;Acessorios;Sul;Cartao;12;457.32
16/01/2025;Camiseta;Roupas;Sul;Boleto;16;410.28
13/12/2024;Acessorio;Roupas;Sul;Pix;10;166.45
16/02/2025;Jaqueta;Acessorios;Sul;Cartao;3;301.59
27/02/2025;Calca;Acessorios;Sul;Boleto;4;459.11
02/01/2025;Camiseta;Roupas;Sul;Pix;6;173.92
31/01/2025;Jaqueta;Acessorios;Sul;Boleto;5;413.61
17/02/2025;Camiseta;Acessorios;Leste;Boleto;18;24.55
16/12/2024;Calca;Roupas;Sul;Pix;3;21.75
13/01/2025;Jaqueta;Roupas;Sul;Cartao;10;384.66
27/01/2025;Acessorio;Acessorios;Leste;Boleto;11;385.49
06/12/2024;Acessorio;Roupas;Leste;Cartao;19;398.71
27/02/2025;Camiseta;Acessorios;Norte;Pix;14;466.41
15/12/2024;Camiseta;Acessorios;Norte;Boleto;11;76.6
04/12/2024;Jaqueta;Acessorios;Sul;Boleto;4;131.35
25/01/2025;Calca;Acessorios;Sul;Boleto;6;453.79
02/02/2025;Camiseta;Acessorios;Norte;Boleto;17;105.07
06/02/2025;Jaqueta;Acessorios;Norte;Boleto;19;347.47
03/01/2025;Calca;Roupas;Oeste;Pix;13;274.62
25/01/2025;Camiseta;Acessorios;Oeste;Boleto;10;59.93
01/01/2025;Camiseta;Roupas;Sul;Pix;11;156.93
09/12/2024;Jaqueta;Acessorios;Oeste;Cartao;6;269.78
01/02/2025;Camiseta;Roupas;Norte;Pix;2;429.13
10/02/2025;Acessorio;Roupas;Sul;Boleto;1;359.62
16/02/2025;Calca;Roupas;Leste;Cartao;11;318.5
02/01/2025;Calca;Acessorios;Leste;Pix;16;258.1
25/02/2025;Acessorio;Roupas;Norte;Pix;3;163.37
21/12/2024;Jaqueta;Roupas;Oeste;Pix;5;77.24
24/01/2025;Acessorio;Acessorios;Leste;Boleto;15;216.36
14/02/2025;Acessorio;Roupas;Oeste;Boleto;15;33.69
26/01/2025;Calca;Roupas;Leste;Pix;4;121.31
02/12/2024;Jaqueta;Acessorios;Oeste;Pix;4;227.59
13/12/2024;Camiseta;Roupas;Leste;Cartao;8;220.93
04/12/2024;Acessorio;Roupas;Leste;Boleto;7;41.26
22/02/2025;Acessorio;Acessorios;Sul;Boleto;17;302.75
19/01/2025;Jaqueta;Roupas;Sul;Cartao;15;283.85
17/01/2025;Acessorio;Roupas;Norte;Pix;5;57.49
16/02/2025;Jaqueta;Roupas;Leste;Pix;13;472.72
30/12/2024;Camiseta;Roupas;Oeste;Cartao;4;67.7
29/12/2024;Jaqueta;Acessorios;Leste;Pix;17;430.32
08/12/2024;Camiseta;Acessorios;Oeste;Pix;17;20.15
12/12/2024;Jaqueta;Acessorios;Oeste;Cartao;14;443.49
10/01/2025;Acessorio;Acessorios;Leste;Cartao;14;29.47
26/12/2024;Camiseta;Roupas;Oeste;Cartao;17;383.75
19/01/2025;Acessorio;Acessorios;Norte;Pix;8;193.61
02/12/2024;Camiseta;Acessorios;Sul;Cartao;2;374.34
24/01/2025;Jaqueta;Roupas;Oeste;Pix;13;212.84
25/01/2025;Jaqueta;Roupas;Leste;Boleto;16;54.04
14/12/2024;Jaqueta;Roupas;Sul;Boleto;16;388.4
06/12/2024;Calca;Acessorios;Norte;Cartao;6;54.2
19/02/2025;Calca;Roupas;Oeste;Pix;4;462.62
27/02/2025;Camiseta;Roupas;Oeste;Pix;3;44.47
30/01/2025;Calca;Roupas;Sul;Pix;6;250.08
12/12/2024;Jaqueta;Acessorios;Oeste;Cartao;4;367.06
13/12/2024;Calca;Acessorios;Leste;Pix;18;208.76
19/12/2024;Calca;Acessorios;Sul;Pix;6;124.27
13/01/2025;Acessorio;Acessorios;Sul;Pix;5;384.36
27/02/2025;Camiseta;Acessorios;Oeste;Boleto;9;396.46
28/01/2025;Camiseta;Acessorios;Norte;Pix;11;462.89
06/01/2025;Camiseta;Acessorios;Norte;Boleto;6;200.56
25/12/2024;Calca;Roupas;Norte;Pix;16;263.0
16/12/2024;Jaqueta;Roupas;Norte;Pix;19;194.3
07/01/2025;Acessorio;Roupas;Sul;Pix;11;143.4
12/01/2025;Camiseta;Acessorios;Sul;Boleto;15;380.5
25/02/2025;Calca;Acessorios;Oeste;Pix;9;183.03
14/12/2024;Jaqueta;Roupas;Norte;Cartao;19;225.51
06/12/2024;Acessorio;Roupas;Norte;Pix;19;213.76
27/02/2025;Acessorio;Acessorios;Oeste;Boleto;9;362.08
23/12/2024;Camiseta;Acessorios;Oeste;Boleto;4;460.54
29/01/2025;Camiseta;Acessorios;Oeste;Cartao;10;340.04
12/12/2024;Jaqueta;Acessorios;Leste;Cartao;9;246.36
13/12/2024;Calca;Acessorios;Oeste;Cartao;19;394.02
06/12/2024;Jaqueta;Acessorios;Oeste;Boleto;15;327.67
01/02/2025;Camiseta;Acessorios;Leste;Pix;19;49.09
07/01/2025;Jaqueta;Acessorios;Norte;Pix;2;65.92
19/01/2025;Calca;Roupas;Sul;Cartao;10;38.2
21/01/2025;Acessorio;Acessorios;Norte;Cartao;19;239.27
09/01/2025;Acessorio;Acessorios;Sul;Pix;17;416.41
08/12/2024;Acessorio;Acessorios;Sul;Cartao;2;170.28
30/01/2025;Acessorio;Roupas;Oeste;Pix;19;204.4
08/12/2024;Camiseta;Roupas;Oeste;Pix;17;456.55
03/01/2025;Camiseta;Acessorios;Leste;Pix;18;421.71
17/02/2025;Calca;Roupas;Norte;Pix;17;339.22
29/01/2025;Calca;Roupas;Norte;Boleto;2;148.07
26/01/2025;Calca;Roupas;Sul;Pix;19;76.18
15/01/2025;Calca;Acessorios;Oeste;Cartao;1;27.71
22/12/2024;Jaqueta;Acessorios;Oeste;Cartao;11;71.37
25/02/2025;Calca;Acessorios;Norte;Cartao;10;160.45
09/01/2025;Acessorio;Acessorios;Leste;Cartao;5;284.86
14/01/2025;Acessorio;Acessorios;Oeste;Boleto;16;50.72
24/01/2025;Acessorio;Acessorios;Leste;Pix;5;85.39
20/01/2025;Jaqueta;Acessorios;Norte;Pix;12;106.92
24/02/2025;Calca;Roupas;Norte;Cartao;4;323.35
05/12/2024;Acessorio;Acessorios;Leste;Cartao;6;315.58
13/12/2024;Acessorio;Acessorios;Oeste;Cartao;19;284.37
28/12/2024;Acessorio;Acessorios;Norte;Pix;9;140.24
22/02/2025;Acessorio;Acessorios;Sul;Boleto;12;198.14
18/02/2025;Camiseta;Acessorios;Norte;Boleto;15;66.41
31/01/2025;Calca;Acessorios;Oeste;Boleto;16;128.7
25/02/2025;Calca;Acessorios;Sul;Boleto;13;450.9
24/12/2024;Jaqueta;Acessorios;Norte;Cartao;7;490.25
07/12/2024;Camiseta;Roupas;Oeste;Pix;4;330.88
07/01/2025;Jaqueta;Roupas;Oeste;Cartao;11;460.08
06/01/2025;Acessorio;Acessorios;Norte;Boleto;8;328.52
06/02/2025;Jaqueta;Acessorios;Oeste;Cartao;6;35.93
11/01/2025;Acessorio;Roupas;Leste;Boleto;10;498.45
24/02/2025;Acessorio;Acessorios;Sul;Pix;7;67.5
05/12/2024;Calca;Acessorios;Leste;Boleto;7;347.67
02/02/2025;Calca;Roupas;Norte;Cartao;4;141.36
19/01/2025;Calca;Acessorios;Leste;Pix;3;208.15
25/02/2025;Calca;Acessorios;Norte;Boleto;7;330.05
15/12/2024;Calca;Acessorios;Norte;Boleto;4;229.51
11/02/2025;Camiseta;Roupas;Oeste;Pix;13;140.26
22/01/2025;Calca;Roupas;Oeste;Cartao;17;180.53
25/12/2024;Jaqueta;Acessorios;Norte;Pix;7;183.94
27/02/2025;Acessorio;Roupas;Sul;Cartao;17;480.48
23/02/2025;Calca;Roupas;Sul;Boleto;4;403.33
09/12/2024;Camiseta;Roupas;Sul;Boleto;11;240.1
07/01/2025;Jaqueta;Acessorios;Leste;Pix;3;115.91
22/12/2024;Jaqueta;Roupas;Norte;Boleto;11;409.29
25/02/2025;Acessorio;Roupas;Oeste;Pix;3;95.45
18/01/2025;Jaqueta;Roupas;Leste;Boleto;12;121.02
06/02/2025;Jaqueta;Acessorios;Leste;Boleto;1;195.69
15/12/2024;Jaqueta;Roupas;Oeste;Cartao;4;442.57
03/02/2025;Jaqueta;Roupas;Norte;Pix;14;83.26
23/01/2025;Camiseta;Acessorios;Leste;Pix;1;78.67
30/12/2024;Acessorio;Roupas;Norte;Boleto;14;257.11
20/12/2024;Calca;Roupas;Norte;Cartao;13;152.68
02/01/2025;Jaqueta;Roupas;Norte;Cartao;13;292.99
24/02/2025;Camiseta;Acessorios;Oeste;Pix;15;236.79
15/02/2025;Acessorio;Acessorios;Norte;Pix;17;228.78
07/12/2024;Calca;Roupas;Leste;Boleto;12;73.75
08/12/2024;Acessorio;Roupas;Oeste;Pix;14;87.7
28/12/2024;Camiseta;Roupas;Oeste;Boleto;12;414.12
14/01/2025;Camiseta;Roupas;Leste;Cartao;18;445.22
11/02/2025;Camiseta;Roupas;Oeste;Pix;4;132.65
27/02/2025;Jaqueta;Roupas;Leste;Cartao;14;74.46
18/02/2025;Camiseta;Acessorios;Sul;Cartao;19;45.64
12/02/2025;Calca;Roupas;Leste;Boleto;13;311.98
11/12/2024;Jaqueta;Roupas;Oeste;Cartao;18;363.37
31/12/2024;Acessorio;Roupas;Leste;Boleto;11;198.95
12/12/2024;Calca;Acessorios;Sul;Boleto;6;346.24
16/02/2025;Jaqueta;Roupas;Norte;Cartao;9;362.22
20/01/2025;Camiseta;Acessorios;Norte;Cartao;12;468.96
13/01/2025;Acessorio;Roupas;Norte;Boleto;19;51.14
19/01/2025;Camiseta;Roupas;Oeste;Boleto;14;112.3
17/12/2024;Calca;Roupas;Sul;Cartao;15;52.89
04/01/2025;Calca;Roupas;Leste;Boleto;11;436.64
01/12/2024;Jaqueta;Roupas;Leste;Boleto;6;400.44
29/12/2024;Calca;Roupas;Leste;Pix;14;295.83
20/01/2025;Acessorio;Acessorios;Leste;Pix;3;60.16
02/02/2025;Jaqueta;Roupas;Oeste;Pix;19;151.19
04/12/2024;Acessorio;Roupas;Oeste;Pix;11;162.91
25/02/2025;Camiseta;Roupas;Sul;Pix;17;289.16
28/12/2024;Acessorio;Acessorios;Leste;Boleto;17;143.86
16/12/2024;Acessorio;Roupas;Norte;Boleto;3;55.02
01/02/2025;Calca;Acessorios;Oeste;Pix;14;370.77
14/02/2025;Camiseta;Roupas;Sul;Cartao;7;163.56
22/01/2025;Calca;Roupas;Sul;Pix;19;237.14
23/02/2025;Camiseta;Acessorios;Oeste;Cartao;3;81.28
17/12/2024;Camiseta;Acessorios;Norte;Boleto;2;405.22
09/01/2025;Acessorio;Roupas;Norte;Cartao;17;291.46
13/12/2024;Calca;Acessorios;Leste;Boleto;9;452.76
21/01/2025;Acessorio;Acessorios;Oeste;Cartao;6;257.83
27/01/2025;Acessorio;Roupas;Norte;Boleto;9;471.88
06/01/2025;Acessorio;Roupas;Oeste;Boleto;5;448.1
17/02/2025;Camiseta;Roupas;Sul;Pix;2;296.7
14/02/2025;Calca;Acessorios;Sul;Boleto;15;468.27
30/01/2025;Calca;Roupas;Sul;Pix;9;175.08
17/02/2025;Acessorio;Roupas;Oeste;Pix;19;195.51
03/01/2025;Camiseta;Acessorios;Leste;Pix;10;41.83
08/02/2025;Calca;Acessorios;Leste;Cartao;4;302.82
17/12/2024;Jaqueta;Roupas;Norte;Cartao;10;366.52
20/12/2024;Calca;Acessorios;Oeste;Boleto;8;391.29
11/02/2025;Acessorio;Acessorios;Leste;Pix;13;91.91
28/01/2025;Jaqueta;Acessorios;Oeste;Pix;7;233.2
07/02/2025;Camiseta;Roupas;Leste;Boleto;7;104.89
25/02/2025;Jaqueta;Roupas;Sul;Pix;4;337.82
02/01/2025;Jaqueta;Roupas;Sul;Boleto;15;95.81
16/02/2025;Acessorio;Acessorios;Norte;Pix;12;454.0
17/12/2024;Calca;Roupas;Sul;Cartao;16;130.7
26/01/2025;Camiseta;Roupas;Leste;Boleto;6;159.87
21/02/2025;Jaqueta;Acessorios;Norte;Boleto;9;428.44
01/12/2024;Acessorio;Acessorios;Norte;Cartao;3;240.06
13/12/2024;Calca;Roupas;Sul;Boleto;8;31.52
27/12/2024;Jaqueta;Acessorios;Oeste;Cartao;7;257.4
08/02/2025;Acessorio;Roupas;Sul;Pix;4;60.58
28/01/2025;Acessorio;Roupas;Sul;Cartao;13;492.97
06/12/2024;Acessorio;Roupas;Norte;Cartao;19;302.29
23/12/2024;Camiseta;Acessorios;Sul;Boleto;7;143.14
10/12/2024;Calca;Acessorios;Leste;Pix;10;290.58
20/01/2025;Jaqueta;Roupas;Norte;Cartao;12;56.9
19/12/2024;Calca;Roupas;Sul;Pix;3;403.95
20/01/2025;Calca;Roupas;Oeste;Cartao;12;464.16
25/02/2025;Jaqueta;Roupas;Leste;Boleto;19;439.73
06/02/2025;Calca;Acessorios;Oeste;Cartao;15;184.04
22/02/2025;Camiseta;Roupas;Leste;Cartao;8;176.37
21/02/2025;Jaqueta;Roupas;Oeste;Pix;12;36.84
11/01/2025;Jaqueta;Acessorios;Sul;Cartao;6;332.67
26/01/2025;Acessorio;Roupas;Leste;Boleto;10;276.75
06/02/2025;Calca;Roupas;Norte;Boleto;2;240.49
07/01/2025;Jaqueta;Roupas;Norte;Cartao;13;455.66
31/01/2025;Jaqueta;Roupas;Oeste;Cartao;7;100.58
07/12/2024;Camiseta;Roupas;Oeste;Pix;8;24.64
09/02/2025;Acessorio;Acessorios;Oeste;Pix;16;55.19
19/01/2025;Jaqueta;Acessorios;Leste;Boleto;11;127.22
21/01/2025;Camiseta;Acessorios;Norte;Pix;4;35.98
26/12/2024;Jaqueta;Acessorios;Sul;Cartao;17;261.36
26/12/2024;Jaqueta;Roupas;Leste;Boleto;16;170.76
19/12/2024;Jaqueta;Acessorios;Oeste;Pix;19;106.63
09/12/2024;Camiseta;Acessorios;Norte;Boleto;11;380.04
30/01/2025;Calca;Acessorios;Oeste;Cartao;7;118.14
20/12/2024;Jaqueta;Acessorios;Sul;Pix;13;350.05
19/01/2025;Jaqueta;Acessorios;Sul;Cartao;19;187.65
18/02/2025;Calca;Acessorios;Norte;Cartao;17;265.68
19/02/2025;Jaqueta;Acessorios;Leste;Boleto;13;468.26
22/12/2024;Acessorio;Acessorios;Sul;Boleto;12;37.93
13/12/2024;Jaqueta;Roupas;Sul;Boleto;7;260.13
12/12/2024;Acessorio;Acessorios;Sul;Pix;1;430.12
10/12/2024;Calca;Roupas;Sul;Pix;1;302.23
03/02/2025;Camiseta;Acessorios;Oeste;Boleto;14;152.9
30/12/2024;Calca;Acessorios;Oeste;Pix;15;210.89
08/12/2024;Jaqueta;Acessorios;Leste;Pix;11;346.53
21/12/2024;Acessorio;Roupas;Norte;Boleto;9;447.59
22/12/2024;Camiseta;Roupas;Norte;Cartao;17;39.71
18/12/2024;Jaqueta;Acessorios;Norte;Pix;4;54.34
04/02/2025;Camiseta;Roupas;Sul;Pix;19;176.02
17/01/2025;Camiseta;Acessorios;Oeste;Cartao;7;131.73
13/01/2025;Jaqueta;Roupas;Oeste;Cartao;1;147.17
09/12/2024;Calca;Roupas;Leste;Cartao;9;126.21
05/02/2025;Jaqueta;Roupas;Norte;Boleto;13;114.0
23/01/2025;Jaqueta;Acessorios;Oeste;Cartao;2;82.7
26/12/2024;Calca;Roupas;Leste;Boleto;2;468.3
23/02/2025;Acessorio;Roupas;Norte;Cartao;15;89.21
26/12/2024;Jaqueta;Acessorios;Sul;Cartao;17;118.11
03/01/2025;Camiseta;Roupas;Oeste;Boleto;13;138.21
08/12/2024;Jaqueta;Acessorios;Oeste;Boleto;7;467.85
10/12/2024;Jaqueta;Acessorios;Norte;Cartao;9;382.74
17/01/2025;Camiseta;Roupas;Sul;Cartao;12;399.06
24/01/2025;Calca;Acessorios;Sul;Cartao;3;70.28
23/01/2025;Acessorio;Roupas;Oeste;Pix;15;421.43
16/02/2025;Acessorio;Roupas;Norte;Cartao;7;215.93
09/01/2025;Camiseta;Acessorios;Leste;Boleto;1;146.16
15/12/2024;Calca;Roupas;Oeste;Pix;14;296.36
19/02/2025;Jaqueta;Roupas;Sul;Boleto;19;414.65
18/12/2024;Jaqueta;Acessorios;Leste;Pix;16;393.75
23/12/2024;Jaqueta;Acessorios;Norte;Pix;10;447.2
31/01/2025;Jaqueta;Roupas;Sul;Boleto;1;465.5
15/01/2025;Jaqueta;Acessorios;Leste;Pix;5;134.3
25/02/2025;Camiseta;Acessorios;Oeste;Boleto;3;223.45
08/01/2025;Jaqueta;Acessorios;Sul;Cartao;17;27.02
15/12/2024;Jaqueta;Acessorios;Norte;Pix;18;442.07
22/01/2025;Calca;Roupas;Sul;Boleto;19;94.19
26/02/2025;Jaqueta;Roupas;Oeste;Pix;18;433.51
02/02/2025;Acessorio;Acessorios;Norte;Boleto;16;178.11
01/02/2025;Camiseta;Roupas;Oeste;Cartao;2;196.7
18/02/2025;Camiseta;Acessorios;Leste;Cartao;15;38.78
16/12/2024;Camiseta;Acessorios;Sul;Pix;13;176.9
08/02/2025;Acessorio;Roupas;Oeste;Pix;13;446.41
04/02/2025;Jaqueta;Roupas;Leste;Boleto;16;32.26
13/12/2024;Camiseta;Roupas;Norte;Boleto;8;215.04
16/01/2025;Acessorio;Roupas;Norte;Pix;11;35.07
09/12/2024;Calca;Acessorios;Leste;Boleto;8;198.04
01/02/2025;Jaqueta;Acessorios;Leste;Boleto;10;102.87
03/01/2025;Acessorio;Roupas;Norte;Boleto;1;141.06
19/02/2025;Jaqueta;Acessorios;Oeste;Pix;12;441.25
29/12/2024;Calca;Roupas;Leste;Cartao;9;229.3
06/01/2025;Acessorio;Roupas;Oeste;Cartao;5;151.42
12/01/2025;Jaqueta;Roupas;Norte;Boleto;9;302.88
24/02/2025;Acessorio;Acessorios;Oeste;Pix;16;88.21
02/02/2025;Camiseta;Acessorios;Oeste;Boleto;18;144.51
24/12/2024;Jaqueta;Roupas;Leste;Cartao;8;282.2
09/02/2025;Acessorio;Roupas;Oeste;Boleto;11;134.01
03/01/2025;Camiseta;Roupas;Oeste;Cartao;19;345.98
17/01/2025;Calca;Roupas;Oeste;Pix;4;255.92
12/12/2024;Jaqueta;Acessorios;Norte;Boleto;10;390.55
23/12/2024;Jaqueta;Acessorios;Norte;Pix;13;475.16
17/02/2025;Calca;Roupas;Sul;Boleto;14;75.59
13/12/2024;Camiseta;Roupas;Norte;Boleto;2;180.64
25/02/2025;Calca;Acessorios;Norte;Boleto;4;173.38
14/01/2025;Jaqueta;Roupas;Sul;Boleto;7;92.57
03/02/2025;Acessorio;Acessorios;Sul;Boleto;19;408.95
16/01/2025;Camiseta;Acessorios;Leste;Pix;17;384.74
27/01/2025;Camiseta;Roupas;Leste;Pix;16;252.52
05/12/2024;Camiseta;Acessorios;Norte;Cartao;13;278.13
15/02/2025;Calca;Acessorios;Oeste;Boleto;18;48.58
05/12/2024;Calca;Acessorios;Leste;Cartao;12;286.64
29/01/2025;Acessorio;Acessorios;Leste;Pix;1;399.84
21/12/2024;Acessorio;Roupas;Norte;Cartao;15;295.44
24/12/2024;Camiseta;Acessorios;Oeste;Pix;3;147.35
18/12/2024;Acessorio;Acessorios;Sul;Boleto;6;340.42
21/12/2024;Calca;Acessorios;Sul;Cartao;14;193.51
23/01/2025;Acessorio;Roupas;Norte;Cartao;6;281.54
10/12/2024;Calca;Roupas;Norte;Cartao;1;254.03
24/12/2024;Acessorio;Roupas;Oeste;Cartao;6;202.96
23/02/2025;Jaqueta;Acessorios;Norte;Boleto;8;365.06
27/02/2025;Calca;Roupas;Norte;Pix;15;444.26
29/01/2025;Jaqueta;Roupas;Norte;Pix;14;22.5
26/01/2025;Calca;Roupas;Oeste;Boleto;16;468.14
23/12/2024;Acessorio;Acessorios;Norte;Pix;16;265.53
22/12/2024;Jaqueta;Roupas;Leste;Cartao;19;356.35
06/02/2025;Acessorio;Roupas;Oeste;Boleto;1;430.7
03/01/2025;Calca;Roupas;Leste;Pix;4;244.21
08/02/2025;Jaqueta;Acessorios;Oeste;Boleto;10;420.79
28/12/2024;Camiseta;Acessorios;Leste;Boleto;18;105.26
08/01/2025;Acessorio;Roupas;Oeste;Pix;2;96.4
11/01/2025;Calca;Roupas;Sul;Pix;4;335.59
23/12/2024;Jaqueta;Roupas;Norte;Boleto;15;437.67
08/02/2025;Acessorio;Acessorios;Norte;Boleto;4;448.36
18/02/2025;Jaqueta;Acessorios;Oeste;Pix;16;329.0
02/12/2024;Acessorio;Roupas;Leste;Boleto;15;272.23
24/12/2024;Acessorio;Acessorios;Sul;Pix;18;179.07
17/12/2024;Acessorio;Roupas;Leste;Boleto;7;490.4
03/02/2025;Jaqueta;Acessorios;Norte;Boleto;15;173.45
08/02/2025;Jaqueta;Roupas;Norte;Boleto;11;377.21
07/02/2025;Acessorio;Acessorios;Leste;Pix;19;275.35
29/01/2025;Camiseta;Roupas;Oeste;Cartao;8;312.09
19/01/2025;Camiseta;Acessorios;Oeste;Pix;1;208.87
12/12/2024;Camiseta;Roupas;Leste;Boleto;3;483.12
16/01/2025;Calca;Roupas;Norte;Cartao;5;294.41
05/02/2025;Camiseta;Roupas;Leste;Cartao;18;470.14
03/02/2025;Jaqueta;Roupas;Norte;Boleto;12;23.64
27/12/2024;Camiseta;Acessorios;Leste;Pix;12;294.88
17/01/2025;Jaqueta;Roupas;Oeste;Cartao;19;364.25
26/02/2025;Calca;Acessorios;Sul;Cartao;9;377.64
31/01/2025;Jaqueta;Acessorios;Norte;Pix;11;454.39
13/01/2025;Jaqueta;Roupas;Sul;Pix;17;22.11
19/12/2024;Jaqueta;Roupas;Oeste;Cartao;16;20.16
28/01/2025;Camiseta;Roupas;Leste;Pix;4;246.69
08/12/2024;Acessorio;Roupas;Oeste;Cartao;10;34.06
24/01/2025;Jaqueta;Acessorios;Sul;Boleto;15;487.78
16/01/2025;Camiseta;Acessorios;Oeste;Pix;19;126.59
02/12/2024;Camiseta;Acessorios;Oeste;Cartao;3;246.88
08/01/2025;Camiseta;Acessorios;Leste;Pix;5;49.35
14/01/2025;Acessorio;Roupas;Sul;Pix;11;270.58
01/01/2025;Acessorio;Acessorios;Sul;Cartao;5;202.38
03/02/2025;Acessorio;Roupas;Sul;Boleto;7;41.44
07/01/2025;Acessorio;Roupas;Norte;Cartao;6;180.86
15/02/2025;Calca;Acessorios;Oeste;Pix;13;207.89
11/12/2024;Acessorio;Acessorios;Sul;Cartao;2;495.16
10/12/2024;Acessorio;Acessorios;Oeste;Pix;19;119.79
28/01/2025;Acessorio;Acessorios;Leste;Cartao;11;281.49
28/02/2025;Jaqueta;Acessorios;Leste;Boleto;5;493.91
24/01/2025;Jaqueta;Acessorios;Norte;Boleto;9;400.17
20/12/2024;Acessorio;Roupas;Norte;Boleto;6;496.82
19/02/2025;Calca;Roupas;Leste;Boleto;17;484.78
17/12/2024;Jaqueta;Roupas;Sul;Cartao;19;254.98
06/02/2025;Camiseta;Acessorios;Leste;Boleto;8;354.26
05/12/2024;Jaqueta;Roupas;Oeste;Cartao;7;73.01
29/01/2025;Camiseta;Roupas;Norte;Pix;5;231.75
23/12/2024;Jaqueta;Roupas;Norte;Pix;15;408.33
15/01/2025;Acessorio;Roupas;Leste;Pix;10;262.56
21/01/2025;Jaqueta;Roupas;Sul;Boleto;16;357.3
10/12/2024;Acessorio;Roupas;Sul;Boleto;9;377.96
15/01/2025;Acessorio;Acessorios;Oeste;Boleto;7;141.67
28/12/2024;Jaqueta;Acessorios;Norte;Pix;11;440.34
12/01/2025;Camiseta;Acessorios;Leste;Pix;9;240.71
26/12/2024;Camiseta;Roupas;Leste;Pix;17;120.89
24/01/2025;Jaqueta;Acessorios;Norte;Pix;9;435.4
17/01/2025;Acessorio;Acessorios;Leste;Cartao;3;220.55
29/12/2024;Camiseta;Roupas;Norte;Cartao;8;380.15
27/12/2024;Calca;Acessorios;Sul;Boleto;19;283.06
18/12/2024;Acessorio;Roupas;Sul;Boleto;16;203.3
29/01/2025;Jaqueta;Acessorios;Leste;Pix;7;408.74
12/02/2025;Acessorio;Roupas;Sul;Cartao;7;300.55
07/02/2025;Calca;Roupas;Sul;Cartao;13;207.47
12/02/2025;Calca;Acessorios;Oeste;Boleto;3;72.61
21/12/2024;Camiseta;Roupas;Norte;Cartao;12;449.81
24/12/2024;Calca;Acessorios;Norte;Boleto;8;37.03
03/12/2024;Acessorio;Roupas;Leste;Pix;13;434.33
31/01/2025;Camiseta;Acessorios;Norte;Pix;16;192.78
02/12/2024;Calca;Acessorios;Oeste;Boleto;7;326.88
04/02/2025;Camiseta;Roupas;Leste;Pix;4;462.66
11/01/2025;Camiseta;Acessorios;Leste;Pix;12;92.82
03/01/2025;Jaqueta;Acessorios;Norte;Cartao;17;292.14
11/01/2025;Camiseta;Acessorios;Sul;Cartao;1;386.93
20/12/2024;Camiseta;Roupas;Sul;Cartao;17;383.64
06/02/2025;Calca;Roupas;Sul;Cartao;2;272.3
14/01/2025;Acessorio;Acessorios;Sul;Cartao;6;319.87
13/02/2025;Acessorio;Acessorios;Oeste;Boleto;12;383.61
11/01/2025;Calca;Roupas;Leste;Boleto;11;423.69
16/01/2025;Acessorio;Roupas;Sul;Cartao;11;385.67
05/12/2024;Camiseta;Acessorios;Oeste;Pix;18;189.92
27/02/2025;Jaqueta;Roupas;Leste;Pix;8;498.43
18/01/2025;Camiseta;Roupas;Norte;Boleto;7;228.56
06/01/2025;Camiseta;Acessorios;Norte;Boleto;14;31.74
03/01/2025;Jaqueta;Roupas;Oeste;Boleto;16;194.06
11/02/2025;Calca;Roupas;Leste;Pix;12;81.34
08/02/2025;Camiseta;Roupas;Sul;Boleto;9;78.29
18/12/2024;Camiseta;Acessorios;Leste;Pix;16;155.14
16/02/2025;Calca;Roupas;Sul;Boleto;19;45.62
19/12/2024;Camiseta;Acessorios;Oeste;Pix;16;350.49
16/02/2025;Camiseta;Roupas;Sul;Boleto;9;55.51
09/01/2025;Acessorio;Roupas;Oeste;Boleto;13;117.58
17/12/2024;Calca;Acessorios;Leste;Pix;5;64.59
29/01/2025;Camiseta;Acessorios;Leste;Boleto;19;50.32
11/01/2025;Camiseta;Acessorios;Sul;Cartao;10;148.52
19/02/2025;Jaqueta;Acessorios;Leste;Pix;7;294.51
10/02/2025;Jaqueta;Roupas;Sul;Boleto;9;483.05
03/02/2025;Jaqueta;Acessorios;Leste;Pix;14;440.27
22/01/2025;Camiseta;Acessorios;Norte;Boleto;15;440.45
07/12/2024;Camiseta;Acessorios;Sul;Cartao;13;104.51
05/12/2024;Jaqueta;Roupas;Oeste;Boleto;10;147.16
24/12/2024;Acessorio;Roupas;Norte;Boleto;14;56.67
28/12/2024;Acessorio;Acessorios;Oeste;Cartao;12;393.66
31/01/2025;Acessorio;Acessorios;Leste;Pix;19;53.51
17/12/2024;Acessorio;Acessorios;Norte;Boleto;6;287.21
20/12/2024;Calca;Acessorios;Leste;Boleto;12;138.98
03/12/2024;Jaqueta;Roupas;Sul;Cartao;13;136.85
06/01/2025;Camiseta;Acessorios;Oeste;Pix;8;495.55
28/02/2025;Jaqueta;Roupas;Leste;Pix;16;383.25
15/12/2024;Acessorio;Acessorios;Oeste;Cartao;2;421.73
20/01/2025;Camiseta;Acessorios;Oeste;Cartao;7;294.55
17/01/2025;Calca;Roupas;Leste;Boleto;12;438.09
08/12/2024;Jaqueta;Acessorios;Sul;Cartao;7;329.84
13/12/2024;Camiseta;Acessorios;Oeste;Cartao;19;474.16
17/01/2025;Camiseta;Acessorios;Leste;Cartao;14;155.04
03/12/2024;Acessorio;Acessorios;Sul;Pix;9;305.75
03/02/2025;Acessorio;Roupas;Leste;Cartao;18;351.26
11/02/2025;Jaqueta;Acessorios;Sul;Boleto;11;208.61
31/12/2024;Calca;Acessorios;Oeste;Boleto;16;442.26
26/12/2024;Camiseta;Roupas;Norte;Boleto;19;490.31
19/02/2025;Acessorio;Acessorios;Leste;Cartao;11;257.01
25/01/2025;Jaqueta;Roupas;Oeste;Pix;18;207.51
03/01/2025;Acessorio;Acessorios;Leste;Cartao;11;246.53
09/12/2024;Jaqueta;Acessorios;Leste;Cartao;4;429.31
31/01/2025;Acessorio;Acessorios;Sul;Boleto;18;329.82
13/12/2024;Calca;Roupas;Leste;Cartao;19;41.49
07/02/2025;Camiseta;Roupas;Sul;Pix;13;280.24
10/01/2025;Acessorio;Acessorios;Oeste;Boleto;4;28.3
15/02/2025;Camiseta;Roupas;Leste;Pix;10;393.7
01/12/2024;Jaqueta;Acessorios;Oeste;Pix;5;177.59
27/02/2025;Calca;Roupas;Norte;Pix;3;246.56
16/01/2025;Camiseta;Acessorios;Oeste;Cartao;16;403.37
04/12/2024;Acessorio;Roupas;Leste;Cartao;8;42.3
01/02/2025;Camiseta;Acessorios;Norte;Cartao;7;96.1
21/01/2025;Camiseta;Roupas;Sul;Cartao;19;211.02
10/12/2024;Jaqueta;Roupas;Norte;Boleto;14;130.36
28/12/2024;Calca;Roupas;Leste;Cartao;15;182.19
06/12/2024;Calca;Roupas;Leste;Boleto;17;499.12
27/12/2024;Camiseta;Acessorios;Oeste;Pix;1;416.2
12/12/2024;Camiseta;Acessorios;Sul;Boleto;6;444.27
31/01/2025;Jaqueta;Roupas;Leste;Cartao;15;469.79
21/01/2025;Camiseta;Acessorios;Leste;Boleto;12;183.65
17/01/2025;Jaqueta;Roupas;Sul;Cartao;2;162.6
05/02/2025;Calca;Acessorios;Sul;Cartao;5;132.35
15/01/2025;Calca;Roupas;Oeste;Boleto;9;418.46
12/02/2025;Jaqueta;Acessorios;Norte;Boleto;14;346.18
15/12/2024;Camiseta;Acessorios;Sul;Pix;18;133.36
09/02/2025;Calca;Roupas;Leste;Pix;8;200.96
05/01/2025;Acessorio;Roupas;Sul;Pix;2;263.22
14/12/2024;Jaqueta;Roupas;Leste;Pix;9;273.51
16/02/2025;Calca;Roupas;Oeste;Pix;7;446.59
03/12/2024;Calca;Roupas;Norte;Boleto;18;202.67
05/02/2025;Calca;Acessorios;Oeste;Pix;16;456.09
24/02/2025;Acessorio;Roupas;Sul;Boleto;5;231.86
19/12/2024;Acessorio;Acessorios;Leste;Pix;15;378.26
14/02/2025;Acessorio;Roupas;Sul;Cartao;5;466.52
23/01/2025;Camiseta;Acessorios;Sul;Pix;11;455.64
07/02/2025;Jaqueta;Acessorios;Sul;Cartao;14;47.34
10/12/2024;Camiseta;Roupas;Sul;Boleto;19;118.74
02/01/2025;Acessorio;Roupas;Norte;Pix;3;248.91
13/12/2024;Jaqueta;Acessorios;Leste;Boleto;10;227.15
20/01/2025;Camiseta;Acessorios;Sul;Pix;6;327.63
01/01/2025;Camiseta;Roupas;Leste;Boleto;3;473.46
13/02/2025;Camiseta;Acessorios;Norte;Pix;2;73.95
24/12/2024;Acessorio;Acessorios;Leste;Pix;13;236.89
04/01/2025;Calca;Acessorios;Leste;Cartao;18;112.36
21/02/2025;Jaqueta;Acessorios;Norte;Boleto;2;449.17
08/02/2025;Acessorio;Acessorios;Sul;Boleto;15;483.0
09/01/2025;Jaqueta;Acessorios;Leste;Boleto;5;249.78
23/01/2025;Acessorio;Roupas;Oeste;Boleto;15;69.92
13/01/2025;Camiseta;Roupas;Leste;Boleto;17;396.94
31/01/2025;Camiseta;Roupas;Sul;Cartao;2;354.63
06/02/2025;Calca;Roupas;Oeste;Pix;18;190.24
02/01/2025;Calca;Acessorios;Sul;Cartao;15;445.96
15/02/2025;Jaqueta;Roupas;Leste;Boleto;3;488.4
25/01/2025;Calca;Acessorios;Norte;Boleto;5;287.77
05/01/2025;Calca;Acessorios;Sul;Pix;11;291.55
23/01/2025;Jaqueta;Roupas;Sul;Cartao;9;162.81
19/12/2024;Acessorio;Roupas;Norte;Pix;5;300.56
12/01/2025;Calca;Acessorios;Leste;Pix;1;231.03
12/12/2024;Acessorio;Roupas;Sul;Cartao;14;165.05
11/12/2024;Camiseta;Roupas;Leste;Pix;5;52.25
08/02/2025;Calca;Acessorios;Leste;Cartao;8;141.3
12/12/2024;Camiseta;Acessorios;Leste;Cartao;14;114.97
10/01/2025;Camiseta;Acessorios;Norte;Boleto;16;280.18
25/12/2024;Acessorio;Acessorios;Leste;Pix;6;308.8
03/12/2024;Jaqueta;Acessorios;Leste;Boleto;8;312.11
03/12/2024;Calca;Acessorios;Oeste;Pix;2;206.33
22/02/2025;Acessorio;Roupas;Oeste;Pix;19;222.19
28/12/2024;Jaqueta;Roupas;Oeste;Boleto;9;420.43
23/12/2024;Camiseta;Roupas;Sul;Boleto;5;248.59
17/01/2025;Calca;Acessorios;Sul;Boleto;5;494.13
05/02/2025;Camiseta;Acessorios;Oeste;Cartao;19;231.02
11/01/2025;Camiseta;Roupas;Norte;Pix;4;331.8
26/02/2025;Calca;Roupas;Norte;Cartao;16;44.17
09/01/2025;Jaqueta;Roupas;Oeste;Pix;16;333.6
06/12/2024;Jaqueta;Acessorios;Sul;Pix;16;428.68
20/12/2024;Calca;Roupas;Sul;Cartao;7;472.38
11/12/2024;Calca;Roupas;Norte;Cartao;18;498.71
27/12/2024;Acessorio;Roupas;Leste;Pix;1;155.45
21/12/2024;Acessorio;Acessorios;Norte;Boleto;3;296.18
13/12/2024;Camiseta;Roupas;Leste;Boleto;8;236.34
24/02/2025;Calca;Roupas;Sul;Boleto;1;290.63
04/01/2025;Jaqueta;Acessorios;Sul;Boleto;7;95.58
16/01/2025;Camiseta;Acessorios;Oeste;Pix;7;430.95
24/02/2025;Camiseta;Acessorios;Sul;Boleto;8;456.59
28/12/2024;Camiseta;Acessorios;Leste;Boleto;19;235.84
21/12/2024;Camiseta;Acessorios;Norte;Boleto;17;154.61
18/12/2024;Jaqueta;Roupas;Oeste;Pix;11;87.6
31/12/2024;Camiseta;Roupas;Leste;Cartao;15;348.21
29/01/2025;Calca;Acessorios;Norte;Boleto;9;169.87
06/01/2025;Acessorio;Acessorios;Norte;Pix;17;456.58
21/12/2024;Jaqueta;Acessorios;Norte;Pix;11;342.09
14/12/2024;Calca;Acessorios;Sul;Boleto;6;329.93
27/02/2025;Calca;Roupas;Norte;Cartao;9;288.51
29/01/2025;Calca;Roupas;Sul;Cartao;18;41.97
23/12/2024;Acessorio;Acessorios;Norte;Cartao;2;467.32
29/12/2024;Acessorio;Acessorios;Norte;Pix;4;321.41
16/01/2025;Acessorio;Acessorios;Sul;Boleto;18;497.15
30/12/2024;Calca;Acessorios;Sul;Boleto;1;277.93
28/02/2025;Acessorio;Roupas;Leste;Pix;11;360.85
22/02/2025;Camiseta;Acessorios;Norte;Boleto;3;46.98
07/01/2025;Acessorio;Acessorios;Sul;Boleto;8;323.23
21/02/2025;Jaqueta;Roupas;Leste;Cartao;5;387.03
27/12/2024;Calca;Acessorios;Leste;Boleto;5;393.69
27/02/2025;Calca;Roupas;Sul;Boleto;11;389.65
25/02/2025;Camiseta;Acessorios;Norte;Pix;12;128.62
15/12/2024;Acessorio;Acessorios;Leste;Pix;9;488.19
28/01/2025;Acessorio;Roupas;Norte;Cartao;13;497.69
03/12/2024;Jaqueta;Acessorios;Norte;Pix;3;56.29
10/12/2024;Camiseta;Roupas;Leste;Cartao;13;469.49
17/02/2025;Jaqueta;Roupas;Sul;Cartao;11;158.94
18/02/2025;Jaqueta;Roupas;Norte;Boleto;11;350.86
17/12/2024;Calca;Acessorios;Oeste;Cartao;7;182.29
21/02/2025;Calca;Acessorios;Sul;Boleto;17;484.52
11/12/2024;Acessorio;Roupas;Leste;Cartao;16;68.72
17/01/2025;Acessorio;Acessorios;Oeste;Pix;14;258.92
05/12/2024;Jaqueta;Acessorios;Norte;Pix;1;225.46
07/02/2025;Acessorio;Acessorios;Sul;Pix;11;176.49
02/02/2025;Jaqueta;Roupas;Oeste;Cartao;13;329.86
14/12/2024;Acessorio;Roupas;Sul;Cartao;1;82.91
19/01/2025;Acessorio;Acessorios;Norte;Boleto;2;364.0
26/12/2024;Calca;Roupas;Sul;Boleto;9;490.68
10/02/2025;Calca;Acessorios;Oeste;Boleto;13;406.19
07/02/2025;Calca;Acessorios;Sul;Boleto;5;432.81
07/12/2024;Calca;Acessorios;Leste;Cartao;9;192.63
16/12/2024;Camiseta;Roupas;Leste;Cartao;13;175.95
24/01/2025;Calca;Roupas;Oeste;Boleto;5;268.18
16/02/2025;Camiseta;Acessorios;Sul;Cartao;15;41.95
25/01/2025;Calca;Roupas;Oeste;Cartao;7;473.77
04/12/2024;Acessorio;Acessorios;Sul;Cartao;14;89.02
17/01/2025;Jaqueta;Roupas;Norte;Cartao;16;453.45
17/12/2024;Acessorio;Roupas;Leste;Boleto;6;60.12
05/01/2025;Acessorio;Roupas;Norte;Boleto;2;414.86
08/02/2025;Camiseta;Acessorios;Sul;Cartao;16;92.94
18/02/2025;Calca;Acessorios;Norte;Pix;19;38.3
07/01/2025;Jaqueta;Acessorios;Oeste;Boleto;5;365.35
31/01/2025;Jaqueta;Roupas;Oeste;Boleto;4;154.53
17/01/2025;Calca;Acessorios;Sul;Pix;14;362.96
10/12/2024;Camiseta;Acessorios;Leste;Boleto;6;286.44
05/01/2025;Camiseta;Acessorios;Oeste;Pix;8;72.23
29/12/2024;Camiseta;Acessorios;Leste;Pix;3;467.42
16/02/2025;Jaqueta;Roupas;Sul;Cartao;4;237.11
04/12/2024;Camiseta;Roupas;Leste;Boleto;1;372.53
13/01/2025;Camiseta;Acessorios;Sul;Pix;2;260.49
25/01/2025;Jaqueta;Roupas;Norte;Cartao;13;310.09
11/01/2025;Jaqueta;Roupas;Sul;Boleto;9;165.33
13/12/2024;Acessorio;Roupas;Norte;Cartao;12;116.17
15/01/2025;Jaqueta;Roupas;Sul;Cartao;10;280.43
20/02/2025;Calca;Roupas;Oeste;Pix;10;231.31
02/01/2025;Jaqueta;Acessorios;Oeste;Boleto;18;207.25
21/12/2024;Jaqueta;Roupas;Leste;Cartao;12;342.83
18/02/2025;Camiseta;Acessorios;Sul;Pix;16;351.44
17/02/2025;Acessorio;Acessorios;Sul;Pix;6;42.04
26/01/2025;Camiseta;Acessorios;Sul;Cartao;10;182.6
07/02/2025;Acessorio;Roupas;Leste;Cartao;15;217.65
08/02/2025;Camiseta;Roupas;Oeste;Pix;9;66.51
05/02/2025;Calca;Roupas;Sul;Cartao;2;133.23
17/01/2025;Camiseta;Roupas;Leste;Cartao;18;44.79
14/02/2025;Camiseta;Acessorios;Sul;Boleto;12;498.2
02/01/2025;Calca;Acessorios;Norte;Pix;3;373.55
05/01/2025;Calca;Acessorios;Sul;Cartao;7;61.98
02/01/2025;Jaqueta;Roupas;Norte;Pix;9;29.72
31/12/2024;Camiseta;Acessorios;Leste;Boleto;8;365.26
21/12/2024;Calca;Acessorios;Leste;Pix;6;230.81
27/12/2024;Calca;Acessorios;Oeste;Pix;1;397.66
10/02/2025;Jaqueta;Roupas;Sul;Pix;14;463.27
31/01/2025;Acessorio;Acessorios;Leste;Boleto;16;307.66
26/12/2024;Calca;Acessorios;Oeste;Boleto;16;109.81
04/02/2025;Calca;Roupas;Sul;Pix;4;395.45
12/12/2024;Camiseta;Acessorios;Leste;Pix;6;478.79
22/12/2024;Jaqueta;Roupas;Norte;Boleto;15;298.51
17/12/2024;Camiseta;Acessorios;Leste;Cartao;8;347.36
07/12/2024;Acessorio;Roupas;Norte;Boleto;1;181.99
06/02/2025;Jaqueta;Roupas;Oeste;Pix;13;203.13
06/01/2025;Camiseta;Roupas;Oeste;Cartao;18;372.63
07/01/2025;Calca;Acessorios;Sul;Cartao;18;465.33
11/12/2024;Calca;Acessorios;Sul;Cartao;13;321.91
01/12/2024;Jaqueta;Roupas;Sul;Boleto;14;399.13
25/12/2024;Calca;Roupas;Oeste;Boleto;11;102.38
11/01/2025;Camiseta;Roupas;Norte;Boleto;7;121.74
21/01/2025;Jaqueta;Roupas;Sul;Boleto;18;275.38
24/12/2024;Calca;Roupas;Sul;Pix;4;104.75
22/01/2025;Calca;Roupas;Oeste;Cartao;17;324.8
25/01/2025;Acessorio;Roupas;Norte;Pix;19;159.99
01/02/2025;Acessorio;Roupas;Leste;Boleto;14;399.94
19/02/2025;Jaqueta;Roupas;Sul;Boleto;10;407.89
08/12/2024;Acessorio;Roupas;Leste;Pix;6;242.62
28/01/2025;Camiseta;Roupas;Leste;Cartao;18;106.79
14/01/2025;Calca;Roupas;Sul;Cartao;4;330.45
27/12/2024;Calca;Acessorios;Oeste;Boleto;11;496.54
21/01/2025;Calca;Roupas;Sul;Boleto;13;318.84
18/12/2024;Jaqueta;Acessorios;Norte;Boleto;8;37.17
24/02/2025;Jaqueta;Acessorios;Norte;Boleto;10;28.3
16/12/2024;Acessorio;Acessorios;Sul;Cartao;11;173.77
04/02/2025;Calca;Roupas;Leste;Pix;3;113.98
05/12/2024;Calca;Acessorios;Norte;Cartao;15;410.26
20/02/2025;Calca;Roupas;Norte;Pix;8;425.51
03/12/2024;Calca;Acessorios;Sul;Boleto;18;144.14
19/02/2025;Calca;Roupas;Sul;Boleto;1;176.31
18/02/2025;Camiseta;Roupas;Oeste;Pix;8;133.4
08/02/2025;Calca;Acessorios;Sul;Boleto;3;456.02
07/12/2024;Camiseta;Acessorios;Sul;Cartao;1;261.27
19/01/2025;Calca;Roupas;Norte;Boleto;16;334.95
14/12/2024;Jaqueta;Acessorios;Norte;Boleto;9;219.43
07/01/2025;Jaqueta;Roupas;Norte;Boleto;17;322.89
17/02/2025;Camiseta;Roupas;Leste;Boleto;16;205.21
16/01/2025;Calca;Roupas;Norte;Cartao;6;183.05
02/01/2025;Jaqueta;Acessorios;Norte;Pix;7;324.55
12/01/2025;Jaqueta;Roupas;Sul;Boleto;16;303.71
29/12/2024;Calca;Roupas;Oeste;Boleto;8;160.89
26/01/2025;Calca;Roupas;Norte;Cartao;10;91.69
05/12/2024;Jaqueta;Roupas;Oeste;Cartao;14;196.92
29/01/2025;Calca;Acessorios;Norte;Cartao;11;219.29
08/02/2025;Acessorio;Acessorios;Norte;Boleto;2;321.77
02/12/2024;Calca;Acessorios;Oeste;Pix;12;458.97
08/02/2025;Jaqueta;Acessorios;Sul;Cartao;13;37.37
12/01/2025;Jaqueta;Roupas;Norte;Cartao;15;136.96
04/12/2024;Camiseta;Roupas;Oeste;Cartao;12;112.98
25/01/2025;Acessorio;Roupas;Norte;Pix;13;261.1
28/01/2025;Jaqueta;Roupas;Leste;Boleto;8;226.26
27/02/2025;Acessorio;Roupas;Leste;Boleto;16;369.94
09/12/2024;Calca;Roupas;Leste;Boleto;3;136.36
03/12/2024;Jaqueta;Acessorios;Leste;Cartao;13;305.36
28/02/2025;Camiseta;Roupas;Sul;Boleto;12;444.25
17/01/2025;Jaqueta;Roupas;Leste;Cartao;19;457.13
12/01/2025;Camiseta;Roupas;Oeste;Pix;2;480.22
01/12/2024;Acessorio;Acessorios;Norte;Pix;1;391.17
26/01/2025;Camiseta;Roupas;Oeste;Boleto;8;454.87
22/01/2025;Calca;Roupas;Leste;Cartao;9;132.57
16/12/2024;Calca;Roupas;Sul;Cartao;8;114.84
20/01/2025;Calca;Acessorios;Leste;Boleto;17;23.11
13/02/2025;Jaqueta;Roupas;Leste;Pix;9;359.29
28/02/2025;Calca;Roupas;Sul;Pix;6;469.98
24/01/2025;Calca;Acessorios;Sul;Pix;15;109.73
01/12/2024;Jaqueta;Roupas;Sul;Pix;13;325.73
28/02/2025;Acessorio;Acessorios;Sul;Pix;12;378.3
28/12/2024;Calca;Roupas;Sul;Boleto;13;465.25
22/01/2025;Calca;Acessorios;Sul;Boleto;7;330.49
27/01/2025;Jaqueta;Roupas;Norte;Boleto;18;485.74
11/02/2025;Acessorio;Roupas;Leste;Pix;14;185.44
29/01/2025;Acessorio;Acessorios;Leste;Pix;11;187.97
28/01/2025;Acessorio;Roupas;Sul;Boleto;14;280.65
22/12/2024;Jaqueta;Roupas;Oeste;Boleto;17;204.08
08/12/2024;Camiseta;Acessorios;Sul;Pix;2;20.68
18/01/2025;Camiseta;Roupas;Norte;Cartao;19;371.25
11/01/2025;Calca;Acessorios;Oeste;Boleto;16;380.82
27/12/2024;Calca;Roupas;Norte;Pix;10;378.55
08/01/2025;Calca;Acessorios;Oeste;Pix;8;185.61
21/02/2025;Camiseta;Roupas;Oeste;Boleto;5;270.7
25/12/2024;Jaqueta;Roupas;Sul;Cartao;7;192.79
07/01/2025;Calca;Acessorios;Norte;Pix;13;27.7
23/02/2025;Jaqueta;Roupas;Oeste;Boleto;16;289.98
24/12/2024;Calca;Acessorios;Norte;Pix;5;79.41
24/12/2024;Jaqueta;Acessorios;Sul;Pix;16;58.42
29/01/2025;Jaqueta;Acessorios;Sul;Pix;15;382.64
21/02/2025;Camiseta;Roupas;Sul;Pix;9;24.56
19/01/2025;Jaqueta;Roupas;Sul;Cartao;12;480.32
04/02/2025;Acessorio;Roupas;Leste;Boleto;8;267.32
14/12/2024;Camiseta;Acessorios;Oeste;Boleto;13;491.85
22/01/2025;Calca;Acessorios;Leste;Boleto;5;47.84
01/01/2025;Camiseta;Acessorios;Sul;Boleto;14;300.09
17/01/2025;Acessorio;Roupas;Oeste;Boleto;16;187.68
08/01/2025;Acessorio;Acessorios;Oeste;Cartao;11;424.87
09/01/2025;Jaqueta;Roupas;Norte;Pix;12;193.39
11/01/2025;Acessorio;Roupas;Sul;Pix;15;145.03
15/02/2025;Acessorio;Roupas;Leste;Boleto;12;431.63
14/02/2025;Acessorio;Roupas;Norte;Pix;9;199.83
08/12/2024;Acessorio;Roupas;Oeste;Pix;1;28.08
17/02/2025;Calca;Roupas;Leste;Pix;3;207.34
26/12/2024;Calca;Roupas;Sul;Boleto;12;334.17
12/12/2024;Camiseta;Roupas;Leste;Boleto;13;142.09
12/01/2025;Jaqueta;Acessorios;Leste;Cartao;6;227.35
20/01/2025;Calca;Roupas;Leste;Boleto;10;47.22
20/02/2025;Acessorio;Roupas;Norte;Cartao;10;302.28
01/02/2025;Jaqueta;Acessorios;Oeste;Boleto;16;383.02
18/01/2025;Calca;Acessorios;Leste;Pix;1;218.39
27/12/2024;Camiseta;Acessorios;Oeste;Cartao;16;221.71
09/12/2024;Acessorio;Acessorios;Norte;Cartao;4;62.38
08/01/2025;Jaqueta;Roupas;Sul;Cartao;6;116.93
03/02/2025;Calca;Acessorios;Sul;Boleto;19;94.24
09/02/2025;Jaqueta;Acessorios;Leste;Cartao;2;251.21
28/02/2025;Calca;Acessorios;Norte;Boleto;18;274.04
09/02/2025;Camiseta;Acessorios;Sul;Cartao;10;475.49
07/12/2024;Acessorio;Roupas;Norte;Boleto;4;55.15
10/02/2025;Camiseta;Acessorios;Norte;Cartao;1;307.94
18/02/2025;Acessorio;Acessorios;Leste;Pix;15;272.72
05/02/2025;Acessorio;Acessorios;Leste;Pix;10;267.79
10/12/2024;Jaqueta;Acessorios;Norte;Cartao;18;439.12
09/02/2025;Calca;Roupas;Norte;Boleto;16;118.66
23/02/2025;Camiseta;Acessorios;Leste;Boleto;13;39.57
22/01/2025;Camiseta;Acessorios;Norte;Boleto;15;342.69
25/02/2025;Camiseta;Acessorios;Leste;Pix;2;185.68
26/01/2025;Jaqueta;Roupas;Oeste;Pix;4;28.44
24/02/2025;Jaqueta;Acessorios;Norte;Pix;1;140.66
27/12/2024;Jaqueta;Acessorios;Leste;Boleto;7;168.48
23/01/2025;Acessorio;Roupas;Norte;Boleto;11;316.08
04/12/2024;Camiseta;Acessorios;Leste;Boleto;10;102.84
26/02/2025;Acessorio;Roupas;Norte;Cartao;1;218.27
23/12/2024;Camiseta;Roupas;Sul;Cartao;11;251.59
17/01/2025;Camiseta;Acessorios;Sul;Cartao;10;240.43
21/02/2025;Calca;Acessorios;Norte;Pix;14;487.49
11/01/2025;Camiseta;Roupas;Sul;Pix;14;41.84
03/12/2024;Jaqueta;Roupas;Norte;Boleto;7;476.46
03/12/2024;Jaqueta;Acessorios;Norte;Cartao;11;299.33
28/12/2024;Jaqueta;Roupas;Oeste;Boleto;4;401.95
01/02/2025;Calca;Roupas;Oeste;Cartao;2;226.59
19/02/2025;Calca;Acessorios;Sul;Cartao;7;237.84
31/12/2024;Acessorio;Roupas;Oeste;Boleto;19;442.08
10/12/2024;Camiseta;Roupas;Oeste;Boleto;14;450.05
18/01/2025;Camiseta;Roupas;Norte;Cartao;19;134.57
24/02/2025;Jaqueta;Roupas;Leste;Cartao;7;115.64
21/12/2024;Jaqueta;Roupas;Norte;Pix;12;258.19
22/01/2025;Jaqueta;Roupas;Oeste;Boleto;3;452.13
25/02/2025;Jaqueta;Acessorios;Norte;Boleto;15;174.73
14/02/2025;Jaqueta;Roupas;Sul;Boleto;5;332.97
27/02/2025;Jaqueta;Acessorios;Leste;Boleto;8;359.91
23/01/2025;Camiseta;Acessorios;Oeste;Cartao;14;393.76
26/01/2025;Calca;Acessorios;Oeste;Pix;4;290.68
20/12/2024;Jaqueta;Acessorios;Norte;Boleto;7;213.18
18/01/2025;Camiseta;Acessorios;Norte;Cartao;7;484.17
07/12/2024;Jaqueta;Acessorios;Norte;Cartao;18;313.44
29/12/2024;Acessorio;Acessorios;Norte;Cartao;14;369.71
17/01/2025;Acessorio;Acessorios;Oeste;Cartao;8;185.59
13/12/2024;Camiseta;Roupas;Norte;Cartao;12;341.58
03/12/2024;Calca;Acessorios;Oeste;Boleto;10;143.74
02/12/2024;Acessorio;Acessorios;Norte;Boleto;14;137.65
16/12/2024;Acessorio;Acessorios;Leste;Pix;9;363.07
06/12/2024;Calca;Roupas;Leste;Boleto;6;270.27
14/01/2025;Acessorio;Acessorios;Norte;Cartao;5;347.97
09/02/2025;Jaqueta;Roupas;Norte;Pix;1;149.33
05/12/2024;Calca;Acessorios;Sul;Cartao;1;307.39
25/01/2025;Acessorio;Acessorios;Leste;Cartao;17;233.09
09/02/2025;Calca;Roupas;Oeste;Boleto;11;306.54
01/01/2025;Jaqueta;Acessorios;Leste;Cartao;12;159.62
18/01/2025;Acessorio;Roupas;Oeste;Boleto;3;363.42
13/12/2024;Camiseta;Roupas;Norte;Cartao;6;406.85
30/12/2024;Acessorio;Acessorios;Leste;Pix;11;144.76
25/12/2024;Acessorio;Acessorios;Leste;Cartao;13;164.3
23/02/2025;Jaqueta;Roupas;Sul;Boleto;11;337.35
29/01/2025;Camiseta;Roupas;Sul;Cartao;8;353.88
28/01/2025;Camiseta;Acessorios;Leste;Boleto;10;357.97
23/02/2025;Camiseta;Acessorios;Leste;Boleto;2;347.7
28/12/2024;Jaqueta;Acessorios;Leste;Pix;14;208.55
27/01/2025;Jaqueta;Roupas;Oeste;Boleto;16;209.53
20/12/2024;Jaqueta;Acessorios;Norte;Pix;17;142.31
03/01/2025;Jaqueta;Roupas;Sul;Pix;11;95.28
05/12/2024;Jaqueta;Acessorios;Norte;Cartao;2;352.44
20/02/2025;Camiseta;Roupas;Sul;Pix;5;64.73
29/01/2025;Calca;Roupas;Sul;Boleto;16;470.14
12/01/2025;Jaqueta;Acessorios;Sul;Boleto;16;416.81
26/01/2025;Calca;Roupas;Leste;Pix;2;431.6
26/01/2025;Acessorio;Roupas;Sul;Cartao;16;455.2
13/02/2025;Acessorio;Roupas;Norte;Pix;5;216.13
23/01/2025;Jaqueta;Roupas;Sul;Pix;8;426.42
19/02/2025;Acessorio;Roupas;Norte;Boleto;14;95.87
14/01/2025;Calca;Acessorios;Sul;Cartao;10;30.39
24/02/2025;Acessorio;Acessorios;Sul;Cartao;2;396.75
06/01/2025;Acessorio;Roupas;Leste;Cartao;3;55.9
22/02/2025;Calca;Acessorios;Norte;Cartao;18;494.49
17/01/2025;Acessorio;Roupas;Sul;Boleto;2;343.9
23/01/2025;Jaqueta;Roupas;Sul;Cartao;9;381.66
17/01/2025;Calca;Acessorios;Norte;Cartao;2;137.99
06/12/2024;Calca;Roupas;Sul;Cartao;7;343.46
03/01/2025;Camiseta;Roupas;Oeste;Boleto;7;40.75
01/02/2025;Camiseta;Roupas;Leste;Boleto;14;422.16
16/02/2025;Calca;Acessorios;Norte;Cartao;5;101.42
17/01/2025;Calca;Acessorios;Leste;Boleto;8;354.73
23/12/2024;Camiseta;Roupas;Oeste;Pix;18;127.75
22/02/2025;Jaqueta;Roupas;Oeste;Cartao;6;52.86
13/12/2024;Acessorio;Roupas;Oeste;Boleto;14;251.12
16/01/2025;Acessorio;Roupas;Norte;Cartao;18;101.26
13/01/2025;Acessorio;Roupas;Oeste;Cartao;17;370.13
01/01/2025;Calca;Acessorios;Norte;Boleto;9;134.03
26/12/2024;Jaqueta;Acessorios;Norte;Pix;13;184.39
22/01/2025;Camiseta;Acessorios;Sul;Cartao;16;292.37
14/12/2024;Jaqueta;Acessorios;Norte;Pix;10;156.78
21/01/2025;Jaqueta;Roupas;Oeste;Boleto;10;201.43
05/01/2025;Acessorio;Roupas;Norte;Cartao;4;411.5
08/12/2024;Camiseta;Acessorios;Norte;Boleto;12;106.02
09/01/2025;Jaqueta;Acessorios;Leste;Boleto;8;59.46
24/02/2025;Camiseta;Roupas;Oeste;Boleto;15;177.61
22/12/2024;Calca;Acessorios;Norte;Boleto;19;223.7
16/12/2024;Acessorio;Roupas;Sul;Cartao;15;280.48
29/01/2025;Camiseta;Roupas;Norte;Pix;8;198.76
29/01/2025;Calca;Roupas;Norte;Pix;8;399.16
10/12/2024;Calca;Acessorios;Leste;Cartao;19;38.87
25/12/2024;Calca;Acessorios;Oeste;Cartao;9;227.25
31/12/2024;Jaqueta;Acessorios;Oeste;Pix;17;203.48
21/12/2024;Jaqueta;Acessorios;Sul;Pix;8;330.84
19/02/2025;Acessorio;Acessorios;Sul;Cartao;12;483.81
02/01/2025;Acessorio;Roupas;Sul;Boleto;15;264.98
31/12/2024;Calca;Acessorios;Norte;Cartao;4;493.7
28/02/2025;Acessorio;Roupas;Norte;Pix;6;165.08
21/12/2024;Jaqueta;Roupas;Sul;Boleto;16;34.82
05/01/2025;Acessorio;Roupas;Oeste;Pix;5;99.52
03/02/2025;Camiseta;Acessorios;Oeste;Boleto;13;209.66
04/12/2024;Jaqueta;Acessorios;Sul;Pix;15;171.84
06/02/2025;Calca;Acessorios;Leste;Boleto;17;66.59
28/02/2025;Calca;Acessorios;Oeste;Cartao;5;227.68
04/12/2024;Acessorio;Acessorios;Oeste;Cartao;19;182.3
09/12/2024;Jaqueta;Acessorios;Sul;Boleto;7;78.86
30/12/2024;Calca;Acessorios;Oeste;Boleto;3;162.14
14/01/2025;Calca;Acessorios;Norte;Cartao;13;445.49
04/12/2024;Jaqueta;Roupas;Norte;Cartao;14;164.98
07/02/2025;Jaqueta;Acessorios;Oeste;Boleto;16;362.7
23/12/2024;Calca;Roupas;Norte;Boleto;13;313.78
16/12/2024;Acessorio;Roupas;Leste;Cartao;2;225.05
22/12/2024;Acessorio;Roupas;Oeste;Pix;14;134.73
10/02/2025;Acessorio;Roupas;Sul;Cartao;7;197.13
17/01/2025;Camiseta;Acessorios;Norte;Boleto;5;304.21
31/01/2025;Jaqueta;Acessorios;Leste;Boleto;14;188.36
29/01/2025;Calca;Roupas;Leste;Pix;9;123.15
18/02/2025;Camiseta;Roupas;Norte;Cartao;10;75.9
05/12/2024;Acessorio;Roupas;Leste;Boleto;7;442.29
18/02/2025;Camiseta;Acessorios;Oeste;Cartao;14;231.35
07/12/2024;Calca;Roupas;Leste;Boleto;14;320.1
20/01/2025;Calca;Roupas;Norte;Pix;2;255.4
03/02/2025;Jaqueta;Acessorios;Leste;Cartao;17;438.83
09/12/2024;Acessorio;Roupas;Norte;Cartao;4;282.53
20/02/2025;Acessorio;Acessorios;Norte;Pix;13;250.78
14/01/2025;Camiseta;Acessorios;Leste;Boleto;18;463.81
16/01/2025;Acessorio;Roupas;Norte;Boleto;3;365.45
05/02/2025;Camiseta;Roupas;Norte;Cartao;19;73.54
24/12/2024;Calca;Roupas;Sul;Pix;5;105.3
10/12/2024;Calca;Acessorios;Oeste;Cartao;1;397.82
11/02/2025;Calca;Acessorios;Norte;Cartao;9;421.21
15/02/2025;Calca;Acessorios;Oeste;Boleto;8;281.69
17/01/2025;Calca;Roupas;Sul;Boleto;3;286.14
04/01/2025;Camiseta;Roupas;Sul;Boleto;2;323.33
23/01/2025;Calca;Roupas;Sul;Boleto;1;230.78
25/02/2025;Camiseta;Roupas;Sul;Boleto;12;346.5
19/02/2025;Calca;Roupas;Oeste;Pix;13;72.07
09/02/2025;Camiseta;Roupas;Leste;Cartao;10;481.41
16/12/2024;Camiseta;Acessorios;Leste;Pix;17;380.07
22/01/2025;Camiseta;Acessorios;Oeste;Cartao;11;322.96
09/01/2025;Acessorio;Acessorios;Norte;Boleto;5;171.83
20/12/2024;Camiseta;Roupas;Oeste;Pix;9;97.26
26/02/2025;Camiseta;Acessorios;Norte;Cartao;13;216.48
07/02/2025;Calca;Acessorios;Norte;Boleto;11;337.56
14/01/2025;Camiseta;Acessorios;Leste;Boleto;4;324.18
06/12/2024;Camiseta;Roupas;Sul;Pix;11;203.67
07/02/2025;Jaqueta;Roupas;Leste;Pix;9;314.38
18/01/2025;Acessorio;Acessorios;Leste;Pix;7;410.6
08/01/2025;Jaqueta;Roupas;Oeste;Boleto;16;32.62
02/12/2024;Calca;Roupas;Oeste;Cartao;5;236.3
08/01/2025;Acessorio;Roupas;Norte;Cartao;6;384.11
21/12/2024;Acessorio;Roupas;Oeste;Pix;19;282.15
09/01/2025;Jaqueta;Acessorios;Norte;Cartao;1;332.71
20/02/2025;Acessorio;Roupas;Norte;Boleto;16;268.0
23/01/2025;Jaqueta;Acessorios;Sul;Cartao;18;496.1
12/12/2024;Camiseta;Acessorios;Sul;Boleto;13;46.22
19/02/2025;Jaqueta;Roupas;Leste;Pix;1;255.7
06/01/2025;Acessorio;Roupas;Sul;Cartao;10;63.88
07/01/2025;Acessorio;Roupas;Norte;Boleto;7;96.7
15/12/2024;Calca;Acessorios;Oeste;Pix;5;203.86
07/12/2024;Calca;Acessorios;Sul;Pix;13;94.66
16/02/2025;Calca;Acessorios;Sul;Pix;16;482.57
19/01/2025;Calca;Acessorios;Sul;Pix;14;474.46
03/02/2025;Acessorio;Acessorios;Sul;Cartao;11;181.33
05/02/2025;Calca;Acessorios;Norte;Boleto;19;327.08
13/01/2025;Jaqueta;Acessorios;Norte;Cartao;2;276.2
31/12/2024;Camiseta;Roupas;Leste;Boleto;8;411.48
12/01/2025;Acessorio;Acessorios;Oeste;Pix;13;321.17
15/02/2025;Calca;Acessorios;Leste;Cartao;7;20.12
17/01/2025;Acessorio;Acessorios;Leste;Pix;12;386.32
20/02/2025;Calca;Acessorios;Sul;Boleto;8;378.49
19/02/2025;Acessorio;Roupas;Oeste;Pix;16;264.67
19/02/2025;Calca;Acessorios;Sul;Cartao;18;453.4
30/01/2025;Camiseta;Acessorios;Norte;Cartao;19;456.05
13/02/2025;Calca;Roupas;Leste;Boleto;4;271.48
22/02/2025;Jaqueta;Roupas;Oeste;Boleto;12;311.83
10/12/2024;Acessorio;Acessorios;Norte;Cartao;16;498.33
29/12/2024;Acessorio;Acessorios;Leste;Cartao;17;163.43
17/01/2025;Jaqueta;Acessorios;Oeste;Cartao;4;175.82
19/02/2025;Jaqueta;Acessorios;Leste;Cartao;9;107.73
31/01/2025;Camiseta;Acessorios;Oeste;Boleto;5;450.02
13/12/2024;Acessorio;Acessorios;Leste;Cartao;17;377.35
13/01/2025;Camiseta;Roupas;Sul;Boleto;17;70.71
16/01/2025;Acessorio;Roupas;Leste;Cartao;2;491.25
02/02/2025;Acessorio;Acessorios;Leste;Cartao;2;370.86
22/01/2025;Camiseta;Acessorios;Oeste;Pix;7;428.25
28/02/2025;Acessorio;Acessorios;Oeste;Pix;4;43.11
15/02/2025;Acessorio;Roupas;Sul;Cartao;13;262.38
14/02/2025;Camiseta;Acessorios;Oeste;Boleto;11;355.33
13/01/2025;Calca;Roupas;Leste;Cartao;3;280.61
28/12/2024;Camiseta;Roupas;Oeste;Pix;2;339.99
02/12/2024;Acessorio;Acessorios;Oeste;Cartao;16;412.58
26/01/2025;Jaqueta;Roupas;Oeste;Pix;3;199.68
26/01/2025;Calca;Acessorios;Sul;Cartao;15;427.36
03/01/2025;Jaqueta;Roupas;Sul;Cartao;17;98.2
25/02/2025;Calca;Acessorios;Norte;Boleto;16;150.03
27/01/2025;Jaqueta;Acessorios;Sul;Pix;7;40.81
21/01/2025;Calca;Roupas;Sul;Pix;16;194.92
29/12/2024;Camiseta;Roupas;Sul;Pix;5;202.36
04/01/2025;Calca;Roupas;Leste;Boleto;2;406.53
13/02/2025;Calca;Acessorios;Norte;Cartao;1;333.5
17/01/2025;Calca;Roupas;Leste;Boleto;13;229.63
02/01/2025;Acessorio;Roupas;Sul;Cartao;16;333.01
13/02/2025;Jaqueta;Acessorios;Sul;Boleto;5;45.34
11/02/2025;Camiseta;Acessorios;Norte;Boleto;3;106.53
16/02/2025;Jaqueta;Roupas;Norte;Pix;15;320.93
09/12/2024;Jaqueta;Roupas;Oeste;Boleto;16;327.86
17/01/2025;Camiseta;Roupas;Sul;Cartao;11;391.58
05/02/2025;Acessorio;Acessorios;Sul;Boleto;19;213.44
21/02/2025;Calca;Acessorios;Leste;Boleto;18;366.83
05/01/2025;Acessorio;Roupas;Oeste;Cartao;9;348.31
09/02/2025;Acessorio;Acessorios;Sul;Pix;8;482.43
13/01/2025;Calca;Roupas;Leste;Cartao;19;123.26
20/02/2025;Jaqueta;Roupas;Norte;Cartao;5;284.81
29/01/2025;Calca;Acessorios;Leste;Cartao;17;308.85
01/02/2025;Camiseta;Roupas;Sul;Boleto;5;499.35
05/12/2024;Calca;Roupas;Leste;Boleto;14;116.57
25/02/2025;Jaqueta;Acessorios;Leste;Cartao;7;271.14
24/02/2025;Acessorio;Roupas;Oeste;Cartao;9;186.17
28/02/2025;Acessorio;Roupas;Oeste;Pix;17;272.43
14/02/2025;Calca;Acessorios;Norte;Boleto;3;131.42
09/01/2025;Camiseta;Roupas;Oeste;Boleto;8;42.85
19/12/2024;Jaqueta;Roupas;Leste;Boleto;13;294.83
16/01/2025;Acessorio;Acessorios;Oeste;Boleto;16;181.21
03/02/2025;Calca;Acessorios;Sul;Cartao;10;107.33
05/02/2025;Camiseta;Acessorios;Leste;Cartao;18;175.49
18/12/2024;Camiseta;Roupas;Leste;Pix;3;43.65
19/01/2025;Acessorio;Acessorios;Leste;Boleto;12;476.21
30/12/2024;Acessorio;Roupas;Sul;Boleto;16;298.95
04/02/2025;Jaqueta;Acessorios;Leste;Cartao;18;411.09
05/12/2024;Camiseta;Roupas;Oeste;Pix;17;223.1
11/01/2025;Jaqueta;Roupas;Sul;Cartao;7;453.59
22/02/2025;Camiseta;Acessorios;Leste;Boleto;19;251.99
05/12/2024;Camiseta;Roupas;Oeste;Boleto;8;295.49
19/01/2025;Calca;Roupas;Oeste;Pix;17;256.06
23/02/2025;Acessorio;Acessorios;Norte;Cartao;7;371.97
27/01/2025;Camiseta;Roupas;Oeste;Boleto;1;291.99
17/02/2025;Jaqueta;Roupas;Oeste;Boleto;8;150.37
22/02/2025;Acessorio;Roupas;Norte;Pix;19;89.86
08/12/2024;Jaqueta;Acessorios;Norte;Boleto;10;310.94
31/12/2024;Acessorio;Acessorios;Sul;Boleto;12;254.81
12/12/2024;Acessorio;Acessorios;Oeste;Cartao;1;66.07
21/12/2024;Camiseta;Acessorios;Sul;Pix;4;209.9
31/01/2025;Calca;Acessorios;Sul;Pix;4;267.09
28/02/2025;Camiseta;Acessorios;Leste;Pix;9;416.91
02/01/2025;Acessorio;Acessorios;Sul;Cartao;15;56.53
26/12/2024;Camiseta;Acessorios;Sul;Pix;15;187.28
28/02/2025;Camiseta;Roupas;Sul;Boleto;7;414.87
09/01/2025;Acessorio;Roupas;Sul;Pix;12;331.24
03/02/2025;Acessorio;Roupas;Norte;Boleto;3;159.18
28/01/2025;Camiseta;Roupas;Oeste;Pix;9;425.76
15/12/2024;Camiseta;Acessorios;Leste;Pix;14;256.78
01/12/2024;Camiseta;Roupas;Norte;Cartao;13;259.21
11/12/2024;Jaqueta;Roupas;Leste;Pix;12;488.76
24/01/2025;Camiseta;Roupas;Leste;Pix;1;474.62
02/12/2024;Jaqueta;Roupas;Norte;Cartao;19;192.1
03/02/2025;Calca;Roupas;Sul;Boleto;16;87.48
13/01/2025;Jaqueta;Acessorios;Norte;Pix;12;176.32
16/12/2024;Camiseta;Acessorios;Leste;Pix;10;34.63
22/12/2024;Calca;Roupas;Leste;Boleto;2;29.97
18/12/2024;Jaqueta;Roupas;Sul;Cartao;18;209.85
16/01/2025;Jaqueta;Roupas;Norte;Pix;13;471.69
19/02/2025;Acessorio;Roupas;Oeste;Cartao;6;438.25
30/12/2024;Calca;Acessorios;Leste;Boleto;12;265.49
10/12/2024;Acessorio;Roupas;Norte;Boleto;4;291.31
27/01/2025;Calca;Acessorios;Sul;Cartao;1;22.85
31/01/2025;Jaqueta;Roupas;Sul;Boleto;11;123.44
23/02/2025;Acessorio;Acessorios;Oeste;Boleto;8;31.89
18/02/2025;Camiseta;Acessorios;Leste;Pix;2;382.18
06/12/2024;Jaqueta;Acessorios;Oeste;Cartao;2;89.91
05/02/2025;Calca;Roupas;Oeste;Pix;16;437.14
10/01/2025;Calca;Roupas;Oeste;Cartao;1;328.8
12/01/2025;Acessorio;Acessorios;Oeste;Pix;4;130.12
23/02/2025;Acessorio;Roupas;Sul;Boleto;6;95.71
15/02/2025;Calca;Roupas;Leste;Cartao;14;321.26
18/12/2024;Jaqueta;Acessorios;Oeste;Cartao;15;452.4
27/01/2025;Acessorio;Roupas;Leste;Cartao;7;364.81
29/01/2025;Camiseta;Acessorios;Sul;Cartao;7;187.3
26/02/2025;Calca;Roupas;Sul;Boleto;18;301.94
27/12/2024;Camiseta;Roupas;Norte;Boleto;2;169.17
06/02/2025;Calca;Acessorios;Norte;Boleto;15;499.59
22/12/2024;Camiseta;Acessorios;Leste;Pix;1;379.44
24/12/2024;Jaqueta;Acessorios;Norte;Boleto;17;314.9
09/01/2025;Calca;Acessorios;Oeste;Pix;13;223.16
12/02/2025;Jaqueta;Roupas;Leste;Pix;12;316.71
04/02/2025;Acessorio;Roupas;Sul;Boleto;15;183.98
09/01/2025;Calca;Roupas;Sul;Boleto;5;33.86
06/12/2024;Jaqueta;Acessorios;Oeste;Boleto;7;209.64
18/12/2024;Camiseta;Roupas;Norte;Pix;8;466.63
19/02/2025;Jaqueta;Roupas;Leste;Cartao;14;320.62
25/02/2025;Calca;Roupas;Leste;Boleto;4;60.3
30/12/2024;Jaqueta;Acessorios;Oeste;Pix;14;444.8
21/12/2024;Camiseta;Acessorios;Norte;Pix;10;149.06
31/01/2025;Camiseta;Roupas;Leste;Boleto;16;137.01
10/12/2024;Camiseta;Roupas;Oeste;Pix;11;162.6
13/12/2024;Acessorio;Acessorios;Leste;Boleto;14;297.06
14/02/2025;Calca;Acessorios;Sul;Pix;14;281.45
09/12/2024;Camiseta;Acessorios;Leste;Cartao;2;255.88
06/02/2025;Acessorio;Acessorios;Leste;Pix;13;364.42
08/01/2025;Camiseta;Roupas;Leste;Boleto;3;171.94
24/12/2024;Jaqueta;Acessorios;Norte;Cartao;18;395.39
03/01/2025;Calca;Roupas;Norte;Boleto;4;104.15
30/01/2025;Jaqueta;Acessorios;Oeste;Pix;19;395.66
10/01/2025;Acessorio;Roupas;Norte;Cartao;16;338.63
05/12/2024;Jaqueta;Roupas;Leste;Cartao;4;347.94
17/02/2025;Jaqueta;Acessorios;Leste;Pix;19;251.15
19/01/2025;Camiseta;Roupas;Norte;Cartao;15;340.16
04/12/2024;Jaqueta;Roupas;Norte;Cartao;1;58.3
20/01/2025;Camiseta;Roupas;Leste;Cartao;16;428.74
21/01/2025;Camiseta;Acessorios;Leste;Boleto;15;46.66
08/01/2025;Calca;Acessorios;Sul;Boleto;16;91.4
08/12/2024;Acessorio;Acessorios;Oeste;Cartao;1;296.86
14/01/2025;Acessorio;Roupas;Norte;Pix;17;374.92
26/02/2025;Acessorio;Roupas;Oeste;Pix;5;56.6
28/12/2024;Camiseta;Roupas;Leste;Boleto;5;461.97
27/12/2024;Acessorio;Roupas;Oeste;Pix;7;487.33
03/02/2025;Camiseta;Acessorios;Norte;Cartao;13;310.86
03/01/2025;Calca;Roupas;Norte;Pix;12;251.0
19/02/2025;Acessorio;Roupas;Oeste;Boleto;4;375.87
31/01/2025;Camiseta;Roupas;Norte;Boleto;4;177.61
31/01/2025;Acessorio;Acessorios;Sul;Cartao;6;256.77
07/01/2025;Acessorio;Roupas;Leste;Boleto;15;459.75
26/12/2024;Calca;Acessorios;Leste;Boleto;19;478.71
24/12/2024;Jaqueta;Acessorios;Norte;Boleto;6;464.99
08/01/2025;Acessorio;Roupas;Leste;Pix;12;145.98
21/12/2024;Calca;Roupas;Sul;Boleto;14;131.59
16/01/2025;Acessorio;Roupas;Norte;Pix;18;162.88
17/01/2025;Acessorio;Roupas;Sul;Boleto;12;231.83
13/12/2024;Acessorio;Acessorios;Sul;Boleto;15;170.8
03/12/2024;Acessorio;Acessorios;Leste;Pix;19;199.62
01/01/2025;Jaqueta;Acessorios;Leste;Pix;8;317.91
04/01/2025;Jaqueta;Acessorios;Oeste;Cartao;9;386.01
19/12/2024;Acessorio;Acessorios;Sul;Cartao;5;373.07
14/12/2024;Acessorio;Acessorios;Leste;Pix;5;410.92
17/01/2025;Calca;Acessorios;Sul;Boleto;6;35.45
24/02/2025;Calca;Acessorios;Oeste;Cartao;3;42.91
19/02/2025;Camiseta;Acessorios;Sul;Pix;5;398.9
06/02/2025;Jaqueta;Acessorios;Norte;Pix;1;275.88
14/01/2025;Acessorio;Roupas;Oeste;Boleto;11;297.51
19/12/2024;Jaqueta;Roupas;Oeste;Pix;1;45.24
02/02/2025;Calca;Roupas;Sul;Cartao;7;142.55
04/02/2025;Jaqueta;Acessorios;Sul;Boleto;15;326.41
17/02/2025;Jaqueta;Roupas;Leste;Pix;17;432.41
04/02/2025;Acessorio;Acessorios;Norte;Pix;8;460.15
13/02/2025;Acessorio;Acessorios;Oeste;Boleto;2;260.2
14/01/2025;Calca;Roupas;Oeste;Boleto;13;281.83
25/02/2025;Acessorio;Acessorios;Oeste;Boleto;12;419.86
12/02/2025;Calca;Roupas;Leste;Cartao;5;278.06
05/02/2025;Calca;Acessorios;Norte;Cartao;13;268.09
07/02/2025;Camiseta;Acessorios;Oeste;Pix;6;454.44
03/12/2024;Camiseta;Roupas;Oeste;Pix;15;399.17
07/01/2025;Camiseta;Roupas;Leste;Boleto;11;456.35
15/02/2025;Jaqueta;Roupas;Sul;Pix;4;124.76
11/01/2025;Camiseta;Roupas;Oeste;Pix;1;271.7
21/02/2025;Acessorio;Roupas;Norte;Boleto;15;424.39
09/01/2025;Acessorio;Roupas;Norte;Cartao;12;73.35
19/01/2025;Camiseta;Acessorios;Norte;Cartao;9;401.44
04/01/2025;Jaqueta;Acessorios;Norte;Cartao;11;107.83
24/12/2024;Calca;Acessorios;Leste;Pix;5;407.9
26/02/2025;Jaqueta;Acessorios;Oeste;Boleto;7;313.76
17/12/2024;Jaqueta;Roupas;Leste;Cartao;8;112.75
09/01/2025;Calca;Acessorios;Norte;Pix;1;247.21
12/02/2025;Calca;Acessorios;Norte;Boleto;1;347.31
04/02/2025;Calca;Roupas;Norte;Cartao;3;324.25
13/01/2025;Acessorio;Acessorios;Leste;Cartao;8;225.08
23/12/2024;Calca;Roupas;Norte;Boleto;11;451.7
06/12/2024;Calca;Roupas;Oeste;Pix;1;269.25
04/02/2025;Jaqueta;Roupas;Norte;Pix;14;262.82
21/12/2024;Jaqueta;Acessorios;Oeste;Cartao;1;49.88
04/01/2025;Camiseta;Roupas;Oeste;Boleto;6;462.62
29/12/2024;Jaqueta;Acessorios;Norte;Pix;6;105.02
07/12/2024;Calca;Acessorios;Leste;Boleto;3;273.61
22/01/2025;Acessorio;Acessorios;Sul;Boleto;10;405.71
06/01/2025;Jaqueta;Roupas;Sul;Cartao;12;123.42
23/12/2024;Jaqueta;Roupas;Oeste;Boleto;10;273.14
08/12/2024;Calca;Roupas;Leste;Boleto;2;135.53
14/02/2025;Jaqueta;Acessorios;Sul;Boleto;13;384.65
17/01/2025;Jaqueta;Acessorios;Norte;Pix;16;290.88
10/12/2024;Calca;Roupas;Norte;Cartao;13;430.87
17/02/2025;Jaqueta;Acessorios;Oeste;Cartao;4;449.39
24/12/2024;Acessorio;Roupas;Leste;Boleto;4;331.39
28/02/2025;Camiseta;Roupas;Leste;Boleto;11;368.19
16/01/2025;Jaqueta;Acessorios;Sul;Pix;14;283.63
22/01/2025;Acessorio;Acessorios;Sul;Cartao;3;204.53
08/01/2025;Jaqueta;Roupas;Norte;Pix;19;331.1
05/02/2025;Camiseta;Acessorios;Oeste;Cartao;1;455.98
04/02/2025;Calca;Roupas;Leste;Pix;5;220.01
06/12/2024;Camiseta;Roupas;Sul;Boleto;17;170.92
21/12/2024;Jaqueta;Acessorios;Sul;Pix;1;206.45
11/02/2025;Camiseta;Roupas;Oeste;Boleto;19;228.99
12/02/2025;Camiseta;Acessorios;Oeste;Cartao;19;55.31
05/01/2025;Calca;Roupas;Norte;Cartao;4;259.25
03/12/2024;Jaqueta;Acessorios;Oeste;Boleto;19;257.27
26/02/2025;Camiseta;Acessorios;Norte;Cartao;6;302.45
24/02/2025;Camiseta;Roupas;Norte;Pix;15;194.15
16/02/2025;Calca;Acessorios;Oeste;Boleto;4;314.29
11/01/2025;Acessorio;Acessorios;Oeste;Cartao;1;441.54
14/01/2025;Jaqueta;Roupas;Oeste;Pix;17;478.63
13/01/2025;Acessorio;Acessorios;Oeste;Pix;11;300.13
02/01/2025;Acessorio;Roupas;Oeste;Cartao;17;40.44
29/01/2025;Calca;Acessorios;Norte;Cartao;1;485.23
24/02/2025;Calca;Roupas;Sul;Pix;9;358.81
21/02/2025;Jaqueta;Roupas;Leste;Boleto;14;181.26
21/02/2025;Acessorio;Roupas;Leste;Cartao;15;90.64
08/02/2025;Camiseta;Roupas;Norte;Cartao;1;88.84
21/02/2025;Acessorio;Acessorios;Norte;Boleto;2;100.52
15/02/2025;Calca;Roupas;Sul;Boleto;18;41.87
26/12/2024;Camiseta;Acessorios;Oeste;Cartao;18;453.03
24/02/2025;Camiseta;Roupas;Norte;Boleto;6;279.57
21/12/2024;Calca;Acessorios;Leste;Pix;8;355.98
02/12/2024;Camiseta;Roupas;Oeste;Pix;1;417.49
16/01/2025;Acessorio;Acessorios;Norte;Pix;15;399.94
30/12/2024;Calca;Acessorios;Oeste;Cartao;10;443.65
27/12/2024;Jaqueta;Roupas;Leste;Boleto;4;484.28
09/02/2025;Calca;Roupas;Oeste;Pix;10;230.75
20/12/2024;Jaqueta;Roupas;Norte;Boleto;11;476.16
19/01/2025;Jaqueta;Acessorios;Norte;Pix;5;367.18
23/12/2024;Calca;Acessorios;Leste;Boleto;9;53.92
13/12/2024;Calca;Acessorios;Sul;Pix;5;347.26
19/02/2025;Jaqueta;Acessorios;Sul;Pix;11;349.62
04/12/2024;Jaqueta;Roupas;Oeste;Pix;3;454.81
14/12/2024;Camiseta;Roupas;Norte;Pix;4;199.01
20/12/2024;Calca;Roupas;Norte;Pix;10;300.76
13/12/2024;Calca;Roupas;Leste;Pix;7;25.85
03/12/2024;Camiseta;Acessorios;Leste;Pix;1;179.4
28/02/2025;Calca;Acessorios;Norte;Pix;6;49.88
28/02/2025;Camiseta;Roupas;Leste;Pix;8;270.5
20/02/2025;Camiseta;Acessorios;Sul;Boleto;17;412.37
16/02/2025;Calca;Roupas;Sul;Boleto;7;119.09
16/01/2025;Acessorio;Acessorios;Oeste;Cartao;1;273.17
03/12/2024;Jaqueta;Acessorios;Leste;Pix;9;117.92
01/12/2024;Calca;Acessorios;Oeste;Boleto;11;77.93
28/02/2025;Acessorio;Acessorios;Leste;Boleto;19;265.28
24/12/2024;Camiseta;Acessorios;Leste;Boleto;2;57.99
04/01/2025;Acessorio;Acessorios;Sul;Boleto;11;301.93
14/12/2024;Calca;Roupas;Norte;Boleto;3;35.04
05/02/2025;Calca;Acessorios;Leste;Boleto;17;71.22
13/12/2024;Acessorio;Roupas;Leste;Cartao;10;284.0
16/01/2025;Calca;Roupas;Leste;Boleto;3;303.88
19/01/2025;Jaqueta;Roupas;Norte;Cartao;3;33.91
16/02/2025;Acessorio;Roupas;Oeste;Cartao;7;295.22
23/02/2025;Camiseta;Roupas;Oeste;Pix;2;422.48
26/12/2024;Acessorio;Roupas;Leste;Pix;1;366.71
03/12/2024;Acessorio;Acessorios;Leste;Pix;7;82.97
20/01/2025;Acessorio;Acessorios;Oeste;Boleto;11;304.39
09/01/2025;Acessorio;Acessorios;Oeste;Pix;6;342.68
06/02/2025;Camiseta;Roupas;Sul;Boleto;4;37.87
05/01/2025;Camiseta;Roupas;Leste;Boleto;19;430.57
20/01/2025;Camiseta;Roupas;Oeste;Pix;19;455.01
01/12/2024;Acessorio;Acessorios;Sul;Pix;14;428.22
02/01/2025;Jaqueta;Acessorios;Norte;Cartao;3;415.82
07/12/2024;Jaqueta;Acessorios;Leste;Cartao;4;377.58
21/01/2025;Camiseta;Roupas;Oeste;Boleto;8;324.05
11/12/2024;Jaqueta;Roupas;Leste;Boleto;18;345.74
27/12/2024;Jaqueta;Roupas;Sul;Pix;4;407.07
14/12/2024;Jaqueta;Acessorios;Oeste;Pix;11;338.0
24/02/2025;Jaqueta;Roupas;Norte;Cartao;16;177.31
18/02/2025;Jaqueta;Roupas;Norte;Pix;3;200.46
15/01/2025;Calca;Roupas;Sul;Boleto;7;450.59
14/02/2025;Camiseta;Roupas;Norte;Pix;2;28.22
10/12/2024;Acessorio;Acessorios;Norte;Cartao;1;355.43
24/12/2024;Jaqueta;Acessorios;Norte;Boleto;1;478.29
30/01/2025;Calca;Roupas;Norte;Cartao;6;358.99
18/12/2024;Acessorio;Roupas;Norte;Cartao;19;497.08
24/02/2025;Calca;Acessorios;Norte;Boleto;7;350.02
09/12/2024;Jaqueta;Acessorios;Norte;Cartao;5;36.49
17/12/2024;Jaqueta;Roupas;Oeste;Pix;18;416.96
27/01/2025;Jaqueta;Acessorios;Norte;Pix;13;156.62
13/12/2024;Jaqueta;Acessorios;Oeste;Cartao;1;234.11
19/01/2025;Acessorio;Roupas;Leste;Pix;10;169.8
06/12/2024;Acessorio;Acessorios;Sul;Cartao;9;148.91
23/02/2025;Calca;Acessorios;Norte;Pix;17;227.07
20/01/2025;Camiseta;Acessorios;Sul;Cartao;1;201.8
05/01/2025;Jaqueta;Acessorios;Norte;Pix;1;324.0
09/02/2025;Calca;Roupas;Oeste;Boleto;7;410.31
25/12/2024;Calca;Acessorios;Norte;Boleto;4;162.6
11/12/2024;Calca;Acessorios;Leste;Pix;12;122.59
13/01/2025;Jaqueta;Roupas;Sul;Cartao;16;340.11
14/12/2024;Jaqueta;Acessorios;Sul;Pix;14;341.75
29/12/2024;Calca;Roupas;Leste;Cartao;10;452.54
12/02/2025;Jaqueta;Roupas;Oeste;Pix;14;27.65
19/01/2025;Calca;Acessorios;Oeste;Pix;7;429.46
05/12/2024;Acessorio;Acessorios;Leste;Boleto;4;270.08
10/02/2025;Jaqueta;Acessorios;Sul;Cartao;2;318.23
07/02/2025;Acessorio;Acessorios;Norte;Cartao;18;63.86
26/02/2025;Camiseta;Acessorios;Oeste;Cartao;16;227.66
26/01/2025;Jaqueta;Roupas;Norte;Cartao;9;129.11
26/12/2024;Camiseta;Acessorios;Sul;Cartao;5;142.03
06/12/2024;Calca;Roupas;Norte;Boleto;9;261.97
16/12/2024;Jaqueta;Acessorios;Leste;Pix;8;409.98
29/01/2025;Jaqueta;Roupas;Oeste;Cartao;16;377.01
12/12/2024;Jaqueta;Acessorios;Oeste;Cartao;18;303.68
13/02/2025;Camiseta;Acessorios;Leste;Pix;4;278.92
03/12/2024;Camiseta;Acessorios;Leste;Boleto;16;225.11
01/02/2025;Calca;Acessorios;Oeste;Boleto;4;486.9
02/02/2025;Acessorio;Acessorios;Oeste;Boleto;6;288.89
31/01/2025;Acessorio;Roupas;Oeste;Pix;3;141.9
06/12/2024;Camiseta;Acessorios;Sul;Pix;18;130.44
19/12/2024;Jaqueta;Acessorios;Sul;Boleto;15;313.45
18/12/2024;Acessorio;Acessorios;Sul;Boleto;8;270.96
18/02/2025;Acessorio;Roupas;Norte;Pix;18;23.69
25/02/2025;Camiseta;Acessorios;Sul;Boleto;3;418.43
12/01/2025;Calca;Roupas;Oeste;Cartao;6;357.98
11/02/2025;Camiseta;Acessorios;Sul;Pix;15;337.68
03/12/2024;Camiseta;Roupas;Oeste;Boleto;12;53.01
10/02/2025;Jaqueta;Acessorios;Leste;Cartao;5;193.79
07/01/2025;Camiseta;Acessorios;Norte;Pix;7;468.98
06/02/2025;Jaqueta;Roupas;Norte;Pix;15;434.04
14/02/2025;Calca;Acessorios;Leste;Cartao;7;157.06
13/01/2025;Jaqueta;Roupas;Oeste;Pix;13;95.39
27/02/2025;Calca;Acessorios;Norte;Boleto;3;235.56
18/02/2025;Calca;Acessorios;Sul;Pix;13;190.8
01/02/2025;Calca;Roupas;Oeste;Boleto;3;347.47
11/01/2025;Camiseta;Acessorios;Norte;Cartao;2;483.89
02/02/2025;Jaqueta;Roupas;Leste;Cartao;4;194.24
23/01/2025;Acessorio;Roupas;Oeste;Pix;17;49.87
16/02/2025;Camiseta;Acessorios;Norte;Cartao;6;450.85
15/02/2025;Calca;Acessorios;Leste;Cartao;11;38.22
